Workbook
Name REPAIR: #REF!
Name Tabel_Material: #REF!
Name SUBKON: #REF!
Name ANALISA: #REF!
Name Tabel_Sub_Contractor: #REF!
Name EQUIPMENT: #REF!
Name BOQ: #REF!
Name BAHAN: #REF!
Name Tabel_Alat: #REF!
Name Tabel_Upah: #REF!
Name MATERIAL: #REF!
Name LABOUR: #REF!

Sheet 1. BQ RAPL
B1: =IFERROR(__xludf.DUMMYFUNCTION("IMPORTRANGE(""https://docs.google.com/spreadsheets/d/1xXTZ6iashDzALZxE9Km6nYXccX51ap95QEp6rlrrs8E/edit?gid=666458065#gid=666458065"",""1. BQ RAPL!$B$1:$k"")"),"SUMMARY ITEM PEKERJAAN") -> SUMMARY ITEM PEKERJAAN
B3: =IFERROR(__xludf.DUMMYFUNCTION("""COMPUTED_VALUE"""),"RINCIAN KEGIATAN ") -> RINCIAN KEGIATAN | D3: =IFERROR(__xludf.DUMMYFUNCTION("""COMPUTED_VALUE"""),": Pembangunan ") -> : Pembangunan
B4: =IFERROR(__xludf.DUMMYFUNCTION("""COMPUTED_VALUE"""),"LOKASI KEGIATAN ") -> LOKASI KEGIATAN | D4: =IFERROR(__xludf.DUMMYFUNCTION("""COMPUTED_VALUE"""),": MWT Infra") -> : MWT Infra
B5: =IFERROR(__xludf.DUMMYFUNCTION("""COMPUTED_VALUE"""),"TAHUN ANGGARAN ") -> TAHUN ANGGARAN | D5: =IFERROR(__xludf.DUMMYFUNCTION("""COMPUTED_VALUE"""),": 2026") -> : 2026 | I5: =IFERROR(__xludf.DUMMYFUNCTION("""COMPUTED_VALUE""")," PERHATIAN : > ISI KOLOM WARNA KUNING ") -> PERHATIAN : > ISI KOLOM WARNA KUNING
D7: =IFERROR(__xludf.DUMMYFUNCTION("""COMPUTED_VALUE"""),"PIC: PROJECT MANAGER") -> PIC: PROJECT MANAGER | I7: =IFERROR(__xludf.DUMMYFUNCTION("""COMPUTED_VALUE"""),4.887009375E9) -> 4887009375
B9: =IFERROR(__xludf.DUMMYFUNCTION("""COMPUTED_VALUE"""),"NOMOR ITEM") -> NOMOR ITEM | C9: =IFERROR(__xludf.DUMMYFUNCTION("""COMPUTED_VALUE"""),"URAIAN PEKERJAAN") -> URAIAN PEKERJAAN | F9: =IFERROR(__xludf.DUMMYFUNCTION("""COMPUTED_VALUE"""),"SATUAN") -> SATUAN | G9: =IFERROR(__xludf.DUMMYFUNCTION("""COMPUTED_VALUE""")," HARGA SATUAN") -> HARGA SATUAN | H9: =IFERROR(__xludf.DUMMYFUNCTION("""COMPUTED_VALUE""")," KUANTITAS") -> KUANTITAS | I9: =IFERROR(__xludf.DUMMYFUNCTION("""COMPUTED_VALUE""")," JUMLAH HARGA") -> JUMLAH HARGA | J9: =IFERROR(__xludf.DUMMYFUNCTION("""COMPUTED_VALUE""")," KETERANGAN") -> KETERANGAN | M9: CATATAN :
B10: =IFERROR(__xludf.DUMMYFUNCTION("""COMPUTED_VALUE"""),"PEKERJAAN") -> PEKERJAAN | G10: =IFERROR(__xludf.DUMMYFUNCTION("""COMPUTED_VALUE""")," RAPL") -> RAPL | H10: =IFERROR(__xludf.DUMMYFUNCTION("""COMPUTED_VALUE""")," RAPL") -> RAPL | I10: =IFERROR(__xludf.DUMMYFUNCTION("""COMPUTED_VALUE""")," RAPL") -> RAPL | M10: 1. B1
B13: =IFERROR(__xludf.DUMMYFUNCTION("""COMPUTED_VALUE"""),"I") -> I | D13: =IFERROR(__xludf.DUMMYFUNCTION("""COMPUTED_VALUE""")," BIAYA LANGSUNG : ") -> BIAYA LANGSUNG : | K13: =IFERROR(__xludf.DUMMYFUNCTION("""COMPUTED_VALUE"""),"I") -> I
B15: =IFERROR(__xludf.DUMMYFUNCTION("""COMPUTED_VALUE"""),1.0) -> 1 | D15: =IFERROR(__xludf.DUMMYFUNCTION("""COMPUTED_VALUE""")," PERKERASAN BETON SEMEN ") -> PERKERASAN BETON SEMEN | K15: =IFERROR(__xludf.DUMMYFUNCTION("""COMPUTED_VALUE"""),1.0) -> 1
B16: =IFERROR(__xludf.DUMMYFUNCTION("""COMPUTED_VALUE"""),2.0) -> 2 | D16: =IFERROR(__xludf.DUMMYFUNCTION("""COMPUTED_VALUE""")," Cor beton readymix FS-45 fast track 7 hari ") -> Cor beton readymix FS-45 fast track 7 hari | F16: =IFERROR(__xludf.DUMMYFUNCTION("""COMPUTED_VALUE""")," m3") -> m3 | G16: =IFERROR(__xludf.DUMMYFUNCTION("""COMPUTED_VALUE"""),4000000.0) -> 4000000 | H16: =IFERROR(__xludf.DUMMYFUNCTION("""COMPUTED_VALUE"""),450.0) -> 450 | I16: =IFERROR(__xludf.DUMMYFUNCTION("""COMPUTED_VALUE"""),1.8E9) -> 1800000000 | K16: =IFERROR(__xludf.DUMMYFUNCTION("""COMPUTED_VALUE"""),2.0) -> 2
B17: =IFERROR(__xludf.DUMMYFUNCTION("""COMPUTED_VALUE"""),3.0) -> 3 | D17: =IFERROR(__xludf.DUMMYFUNCTION("""COMPUTED_VALUE""")," Agregat klas B ") -> Agregat klas B | F17: =IFERROR(__xludf.DUMMYFUNCTION("""COMPUTED_VALUE""")," m3") -> m3 | G17: =IFERROR(__xludf.DUMMYFUNCTION("""COMPUTED_VALUE"""),366000.0) -> 366000 | H17: =IFERROR(__xludf.DUMMYFUNCTION("""COMPUTED_VALUE"""),1250.0) -> 1250 | I17: =IFERROR(__xludf.DUMMYFUNCTION("""COMPUTED_VALUE"""),4.575E8) -> 457500000 | K17: =IFERROR(__xludf.DUMMYFUNCTION("""COMPUTED_VALUE"""),3.0) -> 3
I18: =IFERROR(__xludf.DUMMYFUNCTION("""COMPUTED_VALUE"""),0.0) -> 0
B19: =IFERROR(__xludf.DUMMYFUNCTION("""COMPUTED_VALUE"""),5.0) -> 5 | D19: =IFERROR(__xludf.DUMMYFUNCTION("""COMPUTED_VALUE""")," STRUKTUR ") -> STRUKTUR | I19: =IFERROR(__xludf.DUMMYFUNCTION("""COMPUTED_VALUE"""),0.0) -> 0 | K19: =IFERROR(__xludf.DUMMYFUNCTION("""COMPUTED_VALUE"""),5.0) -> 5
B20: =IFERROR(__xludf.DUMMYFUNCTION("""COMPUTED_VALUE"""),6.0) -> 6 | D20: =IFERROR(__xludf.DUMMYFUNCTION("""COMPUTED_VALUE""")," Beton mutu sedang Fc’=30 MPa untuk Footing ") -> Beton mutu sedang Fc’=30 MPa untuk Footing | F20: =IFERROR(__xludf.DUMMYFUNCTION("""COMPUTED_VALUE""")," m3") -> m3 | G20: =IFERROR(__xludf.DUMMYFUNCTION("""COMPUTED_VALUE"""),2525000.0) -> 2525000 | H20: =IFERROR(__xludf.DUMMYFUNCTION("""COMPUTED_VALUE"""),180.0) -> 180 | I20: =IFERROR(__xludf.DUMMYFUNCTION("""COMPUTED_VALUE"""),4.545E8) -> 454500000 | K20: =IFERROR(__xludf.DUMMYFUNCTION("""COMPUTED_VALUE"""),6.0) -> 6
B21: =IFERROR(__xludf.DUMMYFUNCTION("""COMPUTED_VALUE"""),7.0) -> 7 | D21: =IFERROR(__xludf.DUMMYFUNCTION("""COMPUTED_VALUE""")," Baja Tulangan U 39 Ulir ") -> Baja Tulangan U 39 Ulir | F21: =IFERROR(__xludf.DUMMYFUNCTION("""COMPUTED_VALUE""")," kg") -> kg | G21: =IFERROR(__xludf.DUMMYFUNCTION("""COMPUTED_VALUE"""),10400.0) -> 10400 | H21: =IFERROR(__xludf.DUMMYFUNCTION("""COMPUTED_VALUE"""),146156.25) -> 146156.25 | I21: =IFERROR(__xludf.DUMMYFUNCTION("""COMPUTED_VALUE"""),1.520025E9) -> 1520025000 | K21: =IFERROR(__xludf.DUMMYFUNCTION("""COMPUTED_VALUE"""),7.0) -> 7
B22: =IFERROR(__xludf.DUMMYFUNCTION("""COMPUTED_VALUE"""),8.0) -> 8 | D22: =IFERROR(__xludf.DUMMYFUNCTION("""COMPUTED_VALUE""")," Tiang Bor Beton, diameter 500 mm, Beton K-350 Slump 18±2 ") -> Tiang Bor Beton, diameter 500 mm, Beton K-350 Slump 18±2 | F22: =IFERROR(__xludf.DUMMYFUNCTION("""COMPUTED_VALUE""")," m'") -> m' | G22: =IFERROR(__xludf.DUMMYFUNCTION("""COMPUTED_VALUE"""),2225000.0) -> 2225000 | H22: =IFERROR(__xludf.DUMMYFUNCTION("""COMPUTED_VALUE"""),294.375) -> 294.375 | I22: =IFERROR(__xludf.DUMMYFUNCTION("""COMPUTED_VALUE"""),6.54984375E8) -> 654984375 | K22: =IFERROR(__xludf.DUMMYFUNCTION("""COMPUTED_VALUE"""),8.0) -> 8
I23: =IFERROR(__xludf.DUMMYFUNCTION("""COMPUTED_VALUE"""),0.0) -> 0
I24: =IFERROR(__xludf.DUMMYFUNCTION("""COMPUTED_VALUE"""),0.0) -> 0
I25: =IFERROR(__xludf.DUMMYFUNCTION("""COMPUTED_VALUE"""),0.0) -> 0
I26: =IFERROR(__xludf.DUMMYFUNCTION("""COMPUTED_VALUE"""),0.0) -> 0
I27: =IFERROR(__xludf.DUMMYFUNCTION("""COMPUTED_VALUE"""),0.0) -> 0
I28: =IFERROR(__xludf.DUMMYFUNCTION("""COMPUTED_VALUE"""),0.0) -> 0
I29: =IFERROR(__xludf.DUMMYFUNCTION("""COMPUTED_VALUE"""),0.0) -> 0
I30: =IFERROR(__xludf.DUMMYFUNCTION("""COMPUTED_VALUE"""),0.0) -> 0
I31: =IFERROR(__xludf.DUMMYFUNCTION("""COMPUTED_VALUE"""),0.0) -> 0
I32: =IFERROR(__xludf.DUMMYFUNCTION("""COMPUTED_VALUE"""),0.0) -> 0
I33: =IFERROR(__xludf.DUMMYFUNCTION("""COMPUTED_VALUE"""),0.0) -> 0
I34: =IFERROR(__xludf.DUMMYFUNCTION("""COMPUTED_VALUE"""),0.0) -> 0
... I223: =IFERROR(__xludf.DUMMYFUNCTION("""COMPUTED_VALUE"""),0.0) -> 0
I503: =IFERROR(__xludf.DUMMYFUNCTION("""COMPUTED_VALUE"""),4.887009375E9) -> 4887009375

Sheet 2. SMDA BHN
A1: =IFERROR(__xludf.DUMMYFUNCTION("IMPORTRANGE(""https://docs.google.com/spreadsheets/d/1xXTZ6iashDzALZxE9Km6nYXccX51ap95QEp6rlrrs8E/edit?gid=870182660#gid=870182660"",""2. SMDA BHN!$A$1:$S"")"),"HARGA DASAR SATUAN BAHAN") -> HARGA DASAR SATUAN BAHAN
A3: =IFERROR(__xludf.DUMMYFUNCTION("""COMPUTED_VALUE"""),"RINCIAN KEGIATAN ") -> RINCIAN KEGIATAN | D3: =IFERROR(__xludf.DUMMYFUNCTION("""COMPUTED_VALUE"""),": Pembangunan ") -> : Pembangunan | T3: CATATAN :
A4: =IFERROR(__xludf.DUMMYFUNCTION("""COMPUTED_VALUE"""),"LOKASI KEGIATAN ") -> LOKASI KEGIATAN | D4: =IFERROR(__xludf.DUMMYFUNCTION("""COMPUTED_VALUE"""),": MWT Infra") -> : MWT Infra | T4: 1. A1
A5: =IFERROR(__xludf.DUMMYFUNCTION("""COMPUTED_VALUE"""),"TAHUN ANGGARAN ") -> TAHUN ANGGARAN | D5: =IFERROR(__xludf.DUMMYFUNCTION("""COMPUTED_VALUE"""),": 2026") -> : 2026 | G5: =IFERROR(__xludf.DUMMYFUNCTION("""COMPUTED_VALUE"""),"PERHATIAN : > ISI KOLOM WARNA KUNING ") -> PERHATIAN : > ISI KOLOM WARNA KUNING
B7: =IFERROR(__xludf.DUMMYFUNCTION("""COMPUTED_VALUE""")," PIC: PROJECT MANAGER") -> PIC: PROJECT MANAGER | D7: =IFERROR(__xludf.DUMMYFUNCTION("""COMPUTED_VALUE"""),"T O T A L") -> T O T A L | H7: =IFERROR(__xludf.DUMMYFUNCTION("""COMPUTED_VALUE"""),4.38710625E9) -> 4387106250 | M7: =IFERROR(__xludf.DUMMYFUNCTION("""COMPUTED_VALUE""")," KONVERSI DATA KE KODE AKUN TAS") -> KONVERSI DATA KE KODE AKUN TAS | Q7: =IFERROR(__xludf.DUMMYFUNCTION("""COMPUTED_VALUE""")," KONVERSI DATA KE KODE BARANG TAS") -> KONVERSI DATA KE KODE BARANG TAS
A9: =IFERROR(__xludf.DUMMYFUNCTION("""COMPUTED_VALUE"""),"No") -> No | B9: =IFERROR(__xludf.DUMMYFUNCTION("""COMPUTED_VALUE"""),"URAIAN") -> URAIAN | C9: =IFERROR(__xludf.DUMMYFUNCTION("""COMPUTED_VALUE"""),"KODE AKUN") -> KODE AKUN | D9: =IFERROR(__xludf.DUMMYFUNCTION("""COMPUTED_VALUE"""),"KODE MATERIAL ") -> KODE MATERIAL | E9: =IFERROR(__xludf.DUMMYFUNCTION("""COMPUTED_VALUE"""),"SATUAN") -> SATUAN | F9: =IFERROR(__xludf.DUMMYFUNCTION("""COMPUTED_VALUE""")," KUANTITAS ") -> KUANTITAS | G9: =IFERROR(__xludf.DUMMYFUNCTION("""COMPUTED_VALUE"""),"HARGA SATUAN (Rp.)") -> HARGA SATUAN (Rp.) | H9: =IFERROR(__xludf.DUMMYFUNCTION("""COMPUTED_VALUE"""),"JUMLAH HARGA (Rp.)") -> JUMLAH HARGA (Rp.) | J9: =IFERROR(__xludf.DUMMYFUNCTION("""COMPUTED_VALUE""")," KOLOM BANTUAN ") -> KOLOM BANTUAN | M9: =IFERROR(__xludf.DUMMYFUNCTION("""COMPUTED_VALUE""")," DATA UNTUK INPUT TAS") -> DATA UNTUK INPUT TAS | Q9: =IFERROR(__xludf.DUMMYFUNCTION("""COMPUTED_VALUE"""),"DATA UNTUK INPUT TAS") -> DATA UNTUK INPUT TAS
A10: =IFERROR(__xludf.DUMMYFUNCTION("""COMPUTED_VALUE"""),"A") -> A | B10: =IFERROR(__xludf.DUMMYFUNCTION("""COMPUTED_VALUE"""),"B") -> B | C10: =IFERROR(__xludf.DUMMYFUNCTION("""COMPUTED_VALUE"""),"C") -> C | D10: =IFERROR(__xludf.DUMMYFUNCTION("""COMPUTED_VALUE"""),"D") -> D | E10: =IFERROR(__xludf.DUMMYFUNCTION("""COMPUTED_VALUE"""),"E") -> E | F10: =IFERROR(__xludf.DUMMYFUNCTION("""COMPUTED_VALUE"""),"F") -> F | G10: =IFERROR(__xludf.DUMMYFUNCTION("""COMPUTED_VALUE"""),"G") -> G | H10: =IFERROR(__xludf.DUMMYFUNCTION("""COMPUTED_VALUE"""),"H= (F x G)") -> H= (F x G) | M10: =IFERROR(__xludf.DUMMYFUNCTION("""COMPUTED_VALUE"""),"KODE AKUN") -> KODE AKUN | N10: =IFERROR(__xludf.DUMMYFUNCTION("""COMPUTED_VALUE"""),"NAMA AKUN") -> NAMA AKUN | O10: =IFERROR(__xludf.DUMMYFUNCTION("""COMPUTED_VALUE"""),"SATUAN") -> SATUAN | Q10: =IFERROR(__xludf.DUMMYFUNCTION("""COMPUTED_VALUE"""),"KODE BARANG") -> KODE BARANG | R10: =IFERROR(__xludf.DUMMYFUNCTION("""COMPUTED_VALUE"""),"NAMA BARANG") -> NAMA BARANG | S10: =IFERROR(__xludf.DUMMYFUNCTION("""COMPUTED_VALUE"""),"SATUAN") -> SATUAN
A12: =IFERROR(__xludf.DUMMYFUNCTION("""COMPUTED_VALUE"""),1.0) -> 1 | B12: =IFERROR(__xludf.DUMMYFUNCTION("""COMPUTED_VALUE"""),"Agregat klas B") -> Agregat klas B | C12: =IFERROR(__xludf.DUMMYFUNCTION("""COMPUTED_VALUE"""),1.0) -> 1 | D12: =IFERROR(__xludf.DUMMYFUNCTION("""COMPUTED_VALUE"""),"M001") -> M001 | E12: =IFERROR(__xludf.DUMMYFUNCTION("""COMPUTED_VALUE"""),"M3") -> M3 | F12: =IFERROR(__xludf.DUMMYFUNCTION("""COMPUTED_VALUE"""),1250.0) -> 1250 | G12: =IFERROR(__xludf.DUMMYFUNCTION("""COMPUTED_VALUE"""),275000.0) -> 275000 | H12: =IFERROR(__xludf.DUMMYFUNCTION("""COMPUTED_VALUE"""),3.4375E8) -> 343750000 | J12: =IFERROR(__xludf.DUMMYFUNCTION("""COMPUTED_VALUE""")," Agregat klas B ") -> Agregat klas B | M12: =IFERROR(__xludf.DUMMYFUNCTION("""COMPUTED_VALUE"""),1.0) -> 1 | N12: =IFERROR(__xludf.DUMMYFUNCTION("""COMPUTED_VALUE""")," Agregat klas B") -> Agregat klas B | O12: =IFERROR(__xludf.DUMMYFUNCTION("""COMPUTED_VALUE"""),"M3") -> M3 | Q12: =IFERROR(__xludf.DUMMYFUNCTION("""COMPUTED_VALUE"""),20.0) -> 20 | R12: =IFERROR(__xludf.DUMMYFUNCTION("""COMPUTED_VALUE""")," Agregat klas B ") -> Agregat klas B | S12: =IFERROR(__xludf.DUMMYFUNCTION("""COMPUTED_VALUE"""),"M3") -> M3
A13: =IFERROR(__xludf.DUMMYFUNCTION("""COMPUTED_VALUE"""),2.0) -> 2 | B13: =IFERROR(__xludf.DUMMYFUNCTION("""COMPUTED_VALUE"""),"Baja Tul Ulir") -> Baja Tul Ulir | C13: =IFERROR(__xludf.DUMMYFUNCTION("""COMPUTED_VALUE"""),2.0) -> 2 | D13: =IFERROR(__xludf.DUMMYFUNCTION("""COMPUTED_VALUE"""),"M002") -> M002 | E13: =IFERROR(__xludf.DUMMYFUNCTION("""COMPUTED_VALUE"""),"KG") -> KG | F13: =IFERROR(__xludf.DUMMYFUNCTION("""COMPUTED_VALUE"""),146156.25) -> 146156.25 | G13: =IFERROR(__xludf.DUMMYFUNCTION("""COMPUTED_VALUE"""),8500.0) -> 8500 | H13: =IFERROR(__xludf.DUMMYFUNCTION("""COMPUTED_VALUE"""),1.242328125E9) -> 1242328125 | J13: =IFERROR(__xludf.DUMMYFUNCTION("""COMPUTED_VALUE""")," Baja Tul Ulir ") -> Baja Tul Ulir | M13: =IFERROR(__xludf.DUMMYFUNCTION("""COMPUTED_VALUE"""),2.0) -> 2 | N13: =IFERROR(__xludf.DUMMYFUNCTION("""COMPUTED_VALUE""")," Baja Tul Ulir") -> Baja Tul Ulir | O13: =IFERROR(__xludf.DUMMYFUNCTION("""COMPUTED_VALUE"""),"KG") -> KG | Q13: =IFERROR(__xludf.DUMMYFUNCTION("""COMPUTED_VALUE"""),21.0) -> 21 | R13: =IFERROR(__xludf.DUMMYFUNCTION("""COMPUTED_VALUE""")," Baja Tul Ulir ") -> Baja Tul Ulir | S13: =IFERROR(__xludf.DUMMYFUNCTION("""COMPUTED_VALUE"""),"KG") -> KG
A14: =IFERROR(__xludf.DUMMYFUNCTION("""COMPUTED_VALUE"""),3.0) -> 3 | B14: =IFERROR(__xludf.DUMMYFUNCTION("""COMPUTED_VALUE"""),"Beton Ready fc' 30 MPa") -> Beton Ready fc' 30 MPa | C14: =IFERROR(__xludf.DUMMYFUNCTION("""COMPUTED_VALUE"""),3.0) -> 3 | D14: =IFERROR(__xludf.DUMMYFUNCTION("""COMPUTED_VALUE"""),"M003") -> M003 | E14: =IFERROR(__xludf.DUMMYFUNCTION("""COMPUTED_VALUE"""),"M3") -> M3 | F14: =IFERROR(__xludf.DUMMYFUNCTION("""COMPUTED_VALUE"""),474.375) -> 474.375 | G14: =IFERROR(__xludf.DUMMYFUNCTION("""COMPUTED_VALUE"""),1040000.0) -> 1040000 | H14: =IFERROR(__xludf.DUMMYFUNCTION("""COMPUTED_VALUE"""),4.9335E8) -> 493350000 | J14: =IFERROR(__xludf.DUMMYFUNCTION("""COMPUTED_VALUE""")," Beton Ready fc' 30 MPa ") -> Beton Ready fc' 30 MPa | M14: =IFERROR(__xludf.DUMMYFUNCTION("""COMPUTED_VALUE"""),3.0) -> 3 | N14: =IFERROR(__xludf.DUMMYFUNCTION("""COMPUTED_VALUE""")," Beton Ready fc' 30 MPa") -> Beton Ready fc' 30 MPa | O14: =IFERROR(__xludf.DUMMYFUNCTION("""COMPUTED_VALUE"""),"M3") -> M3 | Q14: =IFERROR(__xludf.DUMMYFUNCTION("""COMPUTED_VALUE"""),22.0) -> 22 | R14: =IFERROR(__xludf.DUMMYFUNCTION("""COMPUTED_VALUE""")," Beton Ready fc' 30 MPa ") -> Beton Ready fc' 30 MPa | S14: =IFERROR(__xludf.DUMMYFUNCTION("""COMPUTED_VALUE"""),"M3") -> M3
A15: =IFERROR(__xludf.DUMMYFUNCTION("""COMPUTED_VALUE"""),4.0) -> 4 | B15: =IFERROR(__xludf.DUMMYFUNCTION("""COMPUTED_VALUE"""),"Beton Ready Mix fs' 45, Slump 12±2") -> Beton Ready Mix fs' 45, Slump 12±2 | C15: =IFERROR(__xludf.DUMMYFUNCTION("""COMPUTED_VALUE"""),4.0) -> 4 | D15: =IFERROR(__xludf.DUMMYFUNCTION("""COMPUTED_VALUE"""),"M004") -> M004 | E15: =IFERROR(__xludf.DUMMYFUNCTION("""COMPUTED_VALUE"""),"M3") -> M3 | F15: =IFERROR(__xludf.DUMMYFUNCTION("""COMPUTED_VALUE"""),1500.0) -> 1500 | G15: =IFERROR(__xludf.DUMMYFUNCTION("""COMPUTED_VALUE"""),1195000.0) -> 1195000 | H15: =IFERROR(__xludf.DUMMYFUNCTION("""COMPUTED_VALUE"""),1.7925E9) -> 1792500000 | J15: =IFERROR(__xludf.DUMMYFUNCTION("""COMPUTED_VALUE""")," Beton Ready Mix fs' 45, Slump 12±2 ") -> Beton Ready Mix fs' 45, Slump 12±2 | M15: =IFERROR(__xludf.DUMMYFUNCTION("""COMPUTED_VALUE"""),4.0) -> 4 | N15: =IFERROR(__xludf.DUMMYFUNCTION("""COMPUTED_VALUE""")," Beton Ready Mix fs' 45, Slump 12±2") -> Beton Ready Mix fs' 45, Slump 12±2 | O15: =IFERROR(__xludf.DUMMYFUNCTION("""COMPUTED_VALUE"""),"M3") -> M3 | Q15: =IFERROR(__xludf.DUMMYFUNCTION("""COMPUTED_VALUE"""),23.0) -> 23 | R15: =IFERROR(__xludf.DUMMYFUNCTION("""COMPUTED_VALUE""")," Beton Ready Mix fs' 45, Slump 12±2 ") -> Beton Ready Mix fs' 45, Slump 12±2 | S15: =IFERROR(__xludf.DUMMYFUNCTION("""COMPUTED_VALUE"""),"M3") -> M3
A16: =IFERROR(__xludf.DUMMYFUNCTION("""COMPUTED_VALUE"""),5.0) -> 5 | B16: =IFERROR(__xludf.DUMMYFUNCTION("""COMPUTED_VALUE"""),"Kawat Bendrat") -> Kawat Bendrat | C16: =IFERROR(__xludf.DUMMYFUNCTION("""COMPUTED_VALUE"""),5.0) -> 5 | D16: =IFERROR(__xludf.DUMMYFUNCTION("""COMPUTED_VALUE"""),"M005") -> M005 | E16: =IFERROR(__xludf.DUMMYFUNCTION("""COMPUTED_VALUE"""),"KG") -> KG | F16: =IFERROR(__xludf.DUMMYFUNCTION("""COMPUTED_VALUE"""),3653.90625) -> 3653.9062 | G16: =IFERROR(__xludf.DUMMYFUNCTION("""COMPUTED_VALUE"""),20000.0) -> 20000 | H16: =IFERROR(__xludf.DUMMYFUNCTION("""COMPUTED_VALUE"""),7.3078125E7) -> 73078125 | J16: =IFERROR(__xludf.DUMMYFUNCTION("""COMPUTED_VALUE""")," Kawat Bendrat ") -> Kawat Bendrat | M16: =IFERROR(__xludf.DUMMYFUNCTION("""COMPUTED_VALUE"""),5.0) -> 5 | N16: =IFERROR(__xludf.DUMMYFUNCTION("""COMPUTED_VALUE""")," Kawat Bendrat") -> Kawat Bendrat | O16: =IFERROR(__xludf.DUMMYFUNCTION("""COMPUTED_VALUE"""),"KG") -> KG | Q16: =IFERROR(__xludf.DUMMYFUNCTION("""COMPUTED_VALUE"""),24.0) -> 24 | R16: =IFERROR(__xludf.DUMMYFUNCTION("""COMPUTED_VALUE""")," Kawat Bendrat ") -> Kawat Bendrat | S16: =IFERROR(__xludf.DUMMYFUNCTION("""COMPUTED_VALUE"""),"KG") -> KG
A17: =IFERROR(__xludf.DUMMYFUNCTION("""COMPUTED_VALUE"""),6.0) -> 6 | B17: =IFERROR(__xludf.DUMMYFUNCTION("""COMPUTED_VALUE"""),"Kayu 5/7") -> Kayu 5/7 | C17: =IFERROR(__xludf.DUMMYFUNCTION("""COMPUTED_VALUE"""),6.0) -> 6 | D17: =IFERROR(__xludf.DUMMYFUNCTION("""COMPUTED_VALUE"""),"M006") -> M006 | E17: =IFERROR(__xludf.DUMMYFUNCTION("""COMPUTED_VALUE"""),"M3") -> M3 | F17: =IFERROR(__xludf.DUMMYFUNCTION("""COMPUTED_VALUE"""),3.0) -> 3 | G17: =IFERROR(__xludf.DUMMYFUNCTION("""COMPUTED_VALUE"""),2000000.0) -> 2000000 | H17: =IFERROR(__xludf.DUMMYFUNCTION("""COMPUTED_VALUE"""),6000000.0) -> 6000000 | J17: =IFERROR(__xludf.DUMMYFUNCTION("""COMPUTED_VALUE""")," Kayu 5/7 ") -> Kayu 5/7 | M17: =IFERROR(__xludf.DUMMYFUNCTION("""COMPUTED_VALUE"""),6.0) -> 6 | N17: =IFERROR(__xludf.DUMMYFUNCTION("""COMPUTED_VALUE""")," Kayu 5/7") -> Kayu 5/7 | O17: =IFERROR(__xludf.DUMMYFUNCTION("""COMPUTED_VALUE"""),"M3") -> M3 | Q17: =IFERROR(__xludf.DUMMYFUNCTION("""COMPUTED_VALUE"""),25.0) -> 25 | R17: =IFERROR(__xludf.DUMMYFUNCTION("""COMPUTED_VALUE""")," MTRL BEKISTING ") -> MTRL BEKISTING | S17: =IFERROR(__xludf.DUMMYFUNCTION("""COMPUTED_VALUE"""),"M2") -> M2
A18: =IFERROR(__xludf.DUMMYFUNCTION("""COMPUTED_VALUE"""),7.0) -> 7 | B18: =IFERROR(__xludf.DUMMYFUNCTION("""COMPUTED_VALUE"""),"Multipleks 18 mm") -> Multipleks 18 mm | C18: =IFERROR(__xludf.DUMMYFUNCTION("""COMPUTED_VALUE"""),7.0) -> 7 | D18: =IFERROR(__xludf.DUMMYFUNCTION("""COMPUTED_VALUE"""),"M007") -> M007 | E18: =IFERROR(__xludf.DUMMYFUNCTION("""COMPUTED_VALUE"""),"LBR") -> LBR | F18: =IFERROR(__xludf.DUMMYFUNCTION("""COMPUTED_VALUE"""),60.0) -> 60 | G18: =IFERROR(__xludf.DUMMYFUNCTION("""COMPUTED_VALUE"""),250000.0) -> 250000 | H18: =IFERROR(__xludf.DUMMYFUNCTION("""COMPUTED_VALUE"""),1.5E7) -> 15000000 | J18: =IFERROR(__xludf.DUMMYFUNCTION("""COMPUTED_VALUE""")," Multipleks 18 mm ") -> Multipleks 18 mm | M18: =IFERROR(__xludf.DUMMYFUNCTION("""COMPUTED_VALUE"""),7.0) -> 7 | N18: =IFERROR(__xludf.DUMMYFUNCTION("""COMPUTED_VALUE""")," Multipleks 18 mm") -> Multipleks 18 mm | O18: =IFERROR(__xludf.DUMMYFUNCTION("""COMPUTED_VALUE"""),"LBR") -> LBR | Q18: =IFERROR(__xludf.DUMMYFUNCTION("""COMPUTED_VALUE"""),26.0) -> 26 | R18: =IFERROR(__xludf.DUMMYFUNCTION("""COMPUTED_VALUE""")," MTRL BEKISTING ") -> MTRL BEKISTING | S18: =IFERROR(__xludf.DUMMYFUNCTION("""COMPUTED_VALUE"""),"M2") -> M2
A19: =IFERROR(__xludf.DUMMYFUNCTION("""COMPUTED_VALUE"""),8.0) -> 8 | B19: =IFERROR(__xludf.DUMMYFUNCTION("""COMPUTED_VALUE"""),"Paku") -> Paku | C19: =IFERROR(__xludf.DUMMYFUNCTION("""COMPUTED_VALUE"""),8.0) -> 8 | D19: =IFERROR(__xludf.DUMMYFUNCTION("""COMPUTED_VALUE"""),"M008") -> M008 | E19: =IFERROR(__xludf.DUMMYFUNCTION("""COMPUTED_VALUE"""),"KG") -> KG | F19: =IFERROR(__xludf.DUMMYFUNCTION("""COMPUTED_VALUE"""),30.0) -> 30 | G19: =IFERROR(__xludf.DUMMYFUNCTION("""COMPUTED_VALUE"""),20000.0) -> 20000 | H19: =IFERROR(__xludf.DUMMYFUNCTION("""COMPUTED_VALUE"""),600000.0) -> 600000 | J19: =IFERROR(__xludf.DUMMYFUNCTION("""COMPUTED_VALUE""")," Paku ") -> Paku | M19: =IFERROR(__xludf.DUMMYFUNCTION("""COMPUTED_VALUE"""),8.0) -> 8 | N19: =IFERROR(__xludf.DUMMYFUNCTION("""COMPUTED_VALUE""")," MTRL PENUNJANG") -> MTRL PENUNJANG | O19: =IFERROR(__xludf.DUMMYFUNCTION("""COMPUTED_VALUE"""),"LS") -> LS | Q19: =IFERROR(__xludf.DUMMYFUNCTION("""COMPUTED_VALUE"""),27.0) -> 27 | R19: =IFERROR(__xludf.DUMMYFUNCTION("""COMPUTED_VALUE""")," MTRL BEKISTING ") -> MTRL BEKISTING | S19: =IFERROR(__xludf.DUMMYFUNCTION("""COMPUTED_VALUE"""),"M2") -> M2
A20: =IFERROR(__xludf.DUMMYFUNCTION("""COMPUTED_VALUE"""),9.0) -> 9 | B20: =IFERROR(__xludf.DUMMYFUNCTION("""COMPUTED_VALUE"""),"Concrete Mixer Beton") -> Concrete Mixer Beton | C20: =IFERROR(__xludf.DUMMYFUNCTION("""COMPUTED_VALUE"""),9.0) -> 9 | D20: =IFERROR(__xludf.DUMMYFUNCTION("""COMPUTED_VALUE"""),"M010") -> M010 | E20: =IFERROR(__xludf.DUMMYFUNCTION("""COMPUTED_VALUE"""),"UNIT") -> UNIT | F20: =IFERROR(__xludf.DUMMYFUNCTION("""COMPUTED_VALUE"""),1.0) -> 1 | G20: =IFERROR(__xludf.DUMMYFUNCTION("""COMPUTED_VALUE"""),2.5E7) -> 25000000 | H20: =IFERROR(__xludf.DUMMYFUNCTION("""COMPUTED_VALUE"""),2.5E7) -> 25000000 | J20: =IFERROR(__xludf.DUMMYFUNCTION("""COMPUTED_VALUE""")," Concrete Mixer Beton ") -> Concrete Mixer Beton | M20: =IFERROR(__xludf.DUMMYFUNCTION("""COMPUTED_VALUE"""),9.0) -> 9 | Q20: =IFERROR(__xludf.DUMMYFUNCTION("""COMPUTED_VALUE"""),28.0) -> 28
A21: =IFERROR(__xludf.DUMMYFUNCTION("""COMPUTED_VALUE"""),10.0) -> 10 | B21: =IFERROR(__xludf.DUMMYFUNCTION("""COMPUTED_VALUE"""),"Mesin gerinda tangan") -> Mesin gerinda tangan | C21: =IFERROR(__xludf.DUMMYFUNCTION("""COMPUTED_VALUE"""),10.0) -> 10 | D21: =IFERROR(__xludf.DUMMYFUNCTION("""COMPUTED_VALUE"""),"M011") -> M011 | E21: =IFERROR(__xludf.DUMMYFUNCTION("""COMPUTED_VALUE"""),"UNIT") -> UNIT | F21: =IFERROR(__xludf.DUMMYFUNCTION("""COMPUTED_VALUE"""),2.0) -> 2 | G21: =IFERROR(__xludf.DUMMYFUNCTION("""COMPUTED_VALUE"""),500000.0) -> 500000 | H21: =IFERROR(__xludf.DUMMYFUNCTION("""COMPUTED_VALUE"""),1000000.0) -> 1000000 | J21: =IFERROR(__xludf.DUMMYFUNCTION("""COMPUTED_VALUE""")," Mesin gerinda tangan ") -> Mesin gerinda tangan | M21: =IFERROR(__xludf.DUMMYFUNCTION("""COMPUTED_VALUE"""),10.0) -> 10 | N21: =IFERROR(__xludf.DUMMYFUNCTION("""COMPUTED_VALUE""")," Solar") -> Solar | O21: =IFERROR(__xludf.DUMMYFUNCTION("""COMPUTED_VALUE"""),"Liter") -> Liter | Q21: =IFERROR(__xludf.DUMMYFUNCTION("""COMPUTED_VALUE"""),29.0) -> 29 | R21: =IFERROR(__xludf.DUMMYFUNCTION("""COMPUTED_VALUE""")," Solar ") -> Solar | S21: =IFERROR(__xludf.DUMMYFUNCTION("""COMPUTED_VALUE"""),"Liter") -> Liter
A22: =IFERROR(__xludf.DUMMYFUNCTION("""COMPUTED_VALUE"""),11.0) -> 11 | B22: =IFERROR(__xludf.DUMMYFUNCTION("""COMPUTED_VALUE"""),"Rubber Cone") -> Rubber Cone | C22: =IFERROR(__xludf.DUMMYFUNCTION("""COMPUTED_VALUE"""),11.0) -> 11 | D22: =IFERROR(__xludf.DUMMYFUNCTION("""COMPUTED_VALUE"""),"M012") -> M012 | E22: =IFERROR(__xludf.DUMMYFUNCTION("""COMPUTED_VALUE"""),"BUAH") -> BUAH | F22: =IFERROR(__xludf.DUMMYFUNCTION("""COMPUTED_VALUE"""),20.0) -> 20 | G22: =IFERROR(__xludf.DUMMYFUNCTION("""COMPUTED_VALUE"""),100000.0) -> 100000 | H22: =IFERROR(__xludf.DUMMYFUNCTION("""COMPUTED_VALUE"""),2000000.0) -> 2000000 | J22: =IFERROR(__xludf.DUMMYFUNCTION("""COMPUTED_VALUE""")," Rubber Cone ") -> Rubber Cone | M22: =IFERROR(__xludf.DUMMYFUNCTION("""COMPUTED_VALUE"""),11.0) -> 11 | N22: =IFERROR(__xludf.DUMMYFUNCTION("""COMPUTED_VALUE""")," Pertalite") -> Pertalite | O22: =IFERROR(__xludf.DUMMYFUNCTION("""COMPUTED_VALUE"""),"Liter") -> Liter | Q22: =IFERROR(__xludf.DUMMYFUNCTION("""COMPUTED_VALUE"""),30.0) -> 30 | R22: =IFERROR(__xludf.DUMMYFUNCTION("""COMPUTED_VALUE""")," Pertalite ") -> Pertalite | S22: =IFERROR(__xludf.DUMMYFUNCTION("""COMPUTED_VALUE"""),"Liter") -> Liter
A23: =IFERROR(__xludf.DUMMYFUNCTION("""COMPUTED_VALUE"""),12.0) -> 12 | H23: =IFERROR(__xludf.DUMMYFUNCTION("""COMPUTED_VALUE"""),0.0) -> 0
A24: =IFERROR(__xludf.DUMMYFUNCTION("""COMPUTED_VALUE"""),13.0) -> 13 | H24: =IFERROR(__xludf.DUMMYFUNCTION("""COMPUTED_VALUE"""),0.0) -> 0
A25: =IFERROR(__xludf.DUMMYFUNCTION("""COMPUTED_VALUE"""),14.0) -> 14 | B25: =IFERROR(__xludf.DUMMYFUNCTION("""COMPUTED_VALUE"""),"Solar") -> Solar | C25: =IFERROR(__xludf.DUMMYFUNCTION("""COMPUTED_VALUE"""),12.0) -> 12 | D25: =IFERROR(__xludf.DUMMYFUNCTION("""COMPUTED_VALUE"""),"M014") -> M014 | E25: =IFERROR(__xludf.DUMMYFUNCTION("""COMPUTED_VALUE"""),"Liter") -> Liter | F25: =IFERROR(__xludf.DUMMYFUNCTION("""COMPUTED_VALUE"""),25000.0) -> 25000 | G25: =IFERROR(__xludf.DUMMYFUNCTION("""COMPUTED_VALUE"""),12500.0) -> 12500 | H25: =IFERROR(__xludf.DUMMYFUNCTION("""COMPUTED_VALUE"""),3.125E8) -> 312500000 | J25: =IFERROR(__xludf.DUMMYFUNCTION("""COMPUTED_VALUE""")," Solar ") -> Solar
A26: =IFERROR(__xludf.DUMMYFUNCTION("""COMPUTED_VALUE"""),15.0) -> 15 | B26: =IFERROR(__xludf.DUMMYFUNCTION("""COMPUTED_VALUE"""),"Pertalite") -> Pertalite | C26: =IFERROR(__xludf.DUMMYFUNCTION("""COMPUTED_VALUE"""),13.0) -> 13 | D26: =IFERROR(__xludf.DUMMYFUNCTION("""COMPUTED_VALUE"""),"M015") -> M015 | E26: =IFERROR(__xludf.DUMMYFUNCTION("""COMPUTED_VALUE"""),"Liter") -> Liter | F26: =IFERROR(__xludf.DUMMYFUNCTION("""COMPUTED_VALUE"""),8000.0) -> 8000 | G26: =IFERROR(__xludf.DUMMYFUNCTION("""COMPUTED_VALUE"""),10000.0) -> 10000 | H26: =IFERROR(__xludf.DUMMYFUNCTION("""COMPUTED_VALUE"""),8.0E7) -> 80000000 | J26: =IFERROR(__xludf.DUMMYFUNCTION("""COMPUTED_VALUE""")," Pertalite ") -> Pertalite
A27: =IFERROR(__xludf.DUMMYFUNCTION("""COMPUTED_VALUE"""),16.0) -> 16 | H27: =IFERROR(__xludf.DUMMYFUNCTION("""COMPUTED_VALUE"""),0.0) -> 0
A28: =IFERROR(__xludf.DUMMYFUNCTION("""COMPUTED_VALUE"""),17.0) -> 17 | H28: =IFERROR(__xludf.DUMMYFUNCTION("""COMPUTED_VALUE"""),0.0) -> 0
A29: =IFERROR(__xludf.DUMMYFUNCTION("""COMPUTED_VALUE"""),18.0) -> 18 | H29: =IFERROR(__xludf.DUMMYFUNCTION("""COMPUTED_VALUE"""),0.0) -> 0
A30: =IFERROR(__xludf.DUMMYFUNCTION("""COMPUTED_VALUE"""),19.0) -> 19 | H30: =IFERROR(__xludf.DUMMYFUNCTION("""COMPUTED_VALUE"""),0.0) -> 0
A31: =IFERROR(__xludf.DUMMYFUNCTION("""COMPUTED_VALUE"""),20.0) -> 20 | H31: =IFERROR(__xludf.DUMMYFUNCTION("""COMPUTED_VALUE"""),0.0) -> 0
A32: =IFERROR(__xludf.DUMMYFUNCTION("""COMPUTED_VALUE"""),21.0) -> 21 | H32: =IFERROR(__xludf.DUMMYFUNCTION("""COMPUTED_VALUE"""),0.0) -> 0
A33: =IFERROR(__xludf.DUMMYFUNCTION("""COMPUTED_VALUE"""),22.0) -> 22 | H33: =IFERROR(__xludf.DUMMYFUNCTION("""COMPUTED_VALUE"""),0.0) -> 0
A34: =IFERROR(__xludf.DUMMYFUNCTION("""COMPUTED_VALUE"""),23.0) -> 23 | H34: =IFERROR(__xludf.DUMMYFUNCTION("""COMPUTED_VALUE"""),0.0) -> 0
A35: =IFERROR(__xludf.DUMMYFUNCTION("""COMPUTED_VALUE"""),24.0) -> 24 | H35: =IFERROR(__xludf.DUMMYFUNCTION("""COMPUTED_VALUE"""),0.0) -> 0
A36: =IFERROR(__xludf.DUMMYFUNCTION("""COMPUTED_VALUE"""),25.0) -> 25 | H36: =IFERROR(__xludf.DUMMYFUNCTION("""COMPUTED_VALUE"""),0.0) -> 0
A37: =IFERROR(__xludf.DUMMYFUNCTION("""COMPUTED_VALUE"""),26.0) -> 26 | H37: =IFERROR(__xludf.DUMMYFUNCTION("""COMPUTED_VALUE"""),0.0) -> 0
A38: =IFERROR(__xludf.DUMMYFUNCTION("""COMPUTED_VALUE"""),27.0) -> 27 | H38: =IFERROR(__xludf.DUMMYFUNCTION("""COMPUTED_VALUE"""),0.0) -> 0
A39: =IFERROR(__xludf.DUMMYFUNCTION("""COMPUTED_VALUE"""),28.0) -> 28 | H39: =IFERROR(__xludf.DUMMYFUNCTION("""COMPUTED_VALUE"""),0.0) -> 0
A40: =IFERROR(__xludf.DUMMYFUNCTION("""COMPUTED_VALUE"""),29.0) -> 29 | H40: =IFERROR(__xludf.DUMMYFUNCTION("""COMPUTED_VALUE"""),0.0) -> 0
A41: =IFERROR(__xludf.DUMMYFUNCTION("""COMPUTED_VALUE"""),30.0) -> 30 | H41: =IFERROR(__xludf.DUMMYFUNCTION("""COMPUTED_VALUE"""),0.0) -> 0
A42: =IFERROR(__xludf.DUMMYFUNCTION("""COMPUTED_VALUE"""),31.0) -> 31 | H42: =IFERROR(__xludf.DUMMYFUNCTION("""COMPUTED_VALUE"""),0.0) -> 0
A43: =IFERROR(__xludf.DUMMYFUNCTION("""COMPUTED_VALUE"""),32.0) -> 32 | H43: =IFERROR(__xludf.DUMMYFUNCTION("""COMPUTED_VALUE"""),0.0) -> 0
A44: =IFERROR(__xludf.DUMMYFUNCTION("""COMPUTED_VALUE"""),33.0) -> 33 | H44: =IFERROR(__xludf.DUMMYFUNCTION("""COMPUTED_VALUE"""),0.0) -> 0
A45: =IFERROR(__xludf.DUMMYFUNCTION("""COMPUTED_VALUE"""),34.0) -> 34 | H45: =IFERROR(__xludf.DUMMYFUNCTION("""COMPUTED_VALUE"""),0.0) -> 0
A46: =IFERROR(__xludf.DUMMYFUNCTION("""COMPUTED_VALUE"""),35.0) -> 35 | H46: =IFERROR(__xludf.DUMMYFUNCTION("""COMPUTED_VALUE"""),0.0) -> 0
A47: =IFERROR(__xludf.DUMMYFUNCTION("""COMPUTED_VALUE"""),36.0) -> 36 | H47: =IFERROR(__xludf.DUMMYFUNCTION("""COMPUTED_VALUE"""),0.0) -> 0
A48: =IFERROR(__xludf.DUMMYFUNCTION("""COMPUTED_VALUE"""),37.0) -> 37 | H48: =IFERROR(__xludf.DUMMYFUNCTION("""COMPUTED_VALUE"""),0.0) -> 0
A49: =IFERROR(__xludf.DUMMYFUNCTION("""COMPUTED_VALUE"""),38.0) -> 38 | H49: =IFERROR(__xludf.DUMMYFUNCTION("""COMPUTED_VALUE"""),0.0) -> 0
A50: =IFERROR(__xludf.DUMMYFUNCTION("""COMPUTED_VALUE"""),39.0) -> 39 | H50: =IFERROR(__xludf.DUMMYFUNCTION("""COMPUTED_VALUE"""),0.0) -> 0
A51: =IFERROR(__xludf.DUMMYFUNCTION("""COMPUTED_VALUE"""),40.0) -> 40 | H51: =IFERROR(__xludf.DUMMYFUNCTION("""COMPUTED_VALUE"""),0.0) -> 0
A52: =IFERROR(__xludf.DUMMYFUNCTION("""COMPUTED_VALUE"""),41.0) -> 41 | H52: =IFERROR(__xludf.DUMMYFUNCTION("""COMPUTED_VALUE"""),0.0) -> 0
A53: =IFERROR(__xludf.DUMMYFUNCTION("""COMPUTED_VALUE"""),42.0) -> 42 | H53: =IFERROR(__xludf.DUMMYFUNCTION("""COMPUTED_VALUE"""),0.0) -> 0
A54: =IFERROR(__xludf.DUMMYFUNCTION("""COMPUTED_VALUE"""),43.0) -> 43 | H54: =IFERROR(__xludf.DUMMYFUNCTION("""COMPUTED_VALUE"""),0.0) -> 0
A55: =IFERROR(__xludf.DUMMYFUNCTION("""COMPUTED_VALUE"""),44.0) -> 44 | H55: =IFERROR(__xludf.DUMMYFUNCTION("""COMPUTED_VALUE"""),0.0) -> 0
A56: =IFERROR(__xludf.DUMMYFUNCTION("""COMPUTED_VALUE"""),45.0) -> 45 | H56: =IFERROR(__xludf.DUMMYFUNCTION("""COMPUTED_VALUE"""),0.0) -> 0
A57: =IFERROR(__xludf.DUMMYFUNCTION("""COMPUTED_VALUE"""),46.0) -> 46 | H57: =IFERROR(__xludf.DUMMYFUNCTION("""COMPUTED_VALUE"""),0.0) -> 0
A58: =IFERROR(__xludf.DUMMYFUNCTION("""COMPUTED_VALUE"""),47.0) -> 47 | H58: =IFERROR(__xludf.DUMMYFUNCTION("""COMPUTED_VALUE"""),0.0) -> 0
A59: =IFERROR(__xludf.DUMMYFUNCTION("""COMPUTED_VALUE"""),48.0) -> 48 | H59: =IFERROR(__xludf.DUMMYFUNCTION("""COMPUTED_VALUE"""),0.0) -> 0
A60: =IFERROR(__xludf.DUMMYFUNCTION("""COMPUTED_VALUE"""),49.0) -> 49 | H60: =IFERROR(__xludf.DUMMYFUNCTION("""COMPUTED_VALUE"""),0.0) -> 0
A61: =IFERROR(__xludf.DUMMYFUNCTION("""COMPUTED_VALUE"""),50.0) -> 50 | H61: =IFERROR(__xludf.DUMMYFUNCTION("""COMPUTED_VALUE"""),0.0) -> 0
A62: =IFERROR(__xludf.DUMMYFUNCTION("""COMPUTED_VALUE"""),51.0) -> 51 | H62: =IFERROR(__xludf.DUMMYFUNCTION("""COMPUTED_VALUE"""),0.0) -> 0
A63: =IFERROR(__xludf.DUMMYFUNCTION("""COMPUTED_VALUE"""),52.0) -> 52 | H63: =IFERROR(__xludf.DUMMYFUNCTION("""COMPUTED_VALUE"""),0.0) -> 0
A64: =IFERROR(__xludf.DUMMYFUNCTION("""COMPUTED_VALUE"""),53.0) -> 53 | H64: =IFERROR(__xludf.DUMMYFUNCTION("""COMPUTED_VALUE"""),0.0) -> 0
A65: =IFERROR(__xludf.DUMMYFUNCTION("""COMPUTED_VALUE"""),54.0) -> 54 | H65: =IFERROR(__xludf.DUMMYFUNCTION("""COMPUTED_VALUE"""),0.0) -> 0
A66: =IFERROR(__xludf.DUMMYFUNCTION("""COMPUTED_VALUE"""),55.0) -> 55 | H66: =IFERROR(__xludf.DUMMYFUNCTION("""COMPUTED_VALUE"""),0.0) -> 0
A67: =IFERROR(__xludf.DUMMYFUNCTION("""COMPUTED_VALUE"""),56.0) -> 56 | H67: =IFERROR(__xludf.DUMMYFUNCTION("""COMPUTED_VALUE"""),0.0) -> 0
A68: =IFERROR(__xludf.DUMMYFUNCTION("""COMPUTED_VALUE"""),57.0) -> 57 | H68: =IFERROR(__xludf.DUMMYFUNCTION("""COMPUTED_VALUE"""),0.0) -> 0
A69: =IFERROR(__xludf.DUMMYFUNCTION("""COMPUTED_VALUE"""),58.0) -> 58 | H69: =IFERROR(__xludf.DUMMYFUNCTION("""COMPUTED_VALUE"""),0.0) -> 0
A70: =IFERROR(__xludf.DUMMYFUNCTION("""COMPUTED_VALUE"""),59.0) -> 59 | H70: =IFERROR(__xludf.DUMMYFUNCTION("""COMPUTED_VALUE"""),0.0) -> 0
A71: =IFERROR(__xludf.DUMMYFUNCTION("""COMPUTED_VALUE"""),60.0) -> 60 | H71: =IFERROR(__xludf.DUMMYFUNCTION("""COMPUTED_VALUE"""),0.0) -> 0
A72: =IFERROR(__xludf.DUMMYFUNCTION("""COMPUTED_VALUE"""),61.0) -> 61 | H72: =IFERROR(__xludf.DUMMYFUNCTION("""COMPUTED_VALUE"""),0.0) -> 0
A73: =IFERROR(__xludf.DUMMYFUNCTION("""COMPUTED_VALUE"""),62.0) -> 62 | H73: =IFERROR(__xludf.DUMMYFUNCTION("""COMPUTED_VALUE"""),0.0) -> 0
A74: =IFERROR(__xludf.DUMMYFUNCTION("""COMPUTED_VALUE"""),63.0) -> 63 | H74: =IFERROR(__xludf.DUMMYFUNCTION("""COMPUTED_VALUE"""),0.0) -> 0
A75: =IFERROR(__xludf.DUMMYFUNCTION("""COMPUTED_VALUE"""),64.0) -> 64 | H75: =IFERROR(__xludf.DUMMYFUNCTION("""COMPUTED_VALUE"""),0.0) -> 0
A76: =IFERROR(__xludf.DUMMYFUNCTION("""COMPUTED_VALUE"""),65.0) -> 65 | H76: =IFERROR(__xludf.DUMMYFUNCTION("""COMPUTED_VALUE"""),0.0) -> 0
A77: =IFERROR(__xludf.DUMMYFUNCTION("""COMPUTED_VALUE"""),66.0) -> 66 | H77: =IFERROR(__xludf.DUMMYFUNCTION("""COMPUTED_VALUE"""),0.0) -> 0
A78: =IFERROR(__xludf.DUMMYFUNCTION("""COMPUTED_VALUE"""),67.0) -> 67 | H78: =IFERROR(__xludf.DUMMYFUNCTION("""COMPUTED_VALUE"""),0.0) -> 0
A79: =IFERROR(__xludf.DUMMYFUNCTION("""COMPUTED_VALUE"""),68.0) -> 68 | H79: =IFERROR(__xludf.DUMMYFUNCTION("""COMPUTED_VALUE"""),0.0) -> 0
A80: =IFERROR(__xludf.DUMMYFUNCTION("""COMPUTED_VALUE"""),69.0) -> 69 | H80: =IFERROR(__xludf.DUMMYFUNCTION("""COMPUTED_VALUE"""),0.0) -> 0
A81: =IFERROR(__xludf.DUMMYFUNCTION("""COMPUTED_VALUE"""),70.0) -> 70 | H81: =IFERROR(__xludf.DUMMYFUNCTION("""COMPUTED_VALUE"""),0.0) -> 0
A82: =IFERROR(__xludf.DUMMYFUNCTION("""COMPUTED_VALUE"""),71.0) -> 71 | H82: =IFERROR(__xludf.DUMMYFUNCTION("""COMPUTED_VALUE"""),0.0) -> 0
A83: =IFERROR(__xludf.DUMMYFUNCTION("""COMPUTED_VALUE"""),72.0) -> 72 | H83: =IFERROR(__xludf.DUMMYFUNCTION("""COMPUTED_VALUE"""),0.0) -> 0
A84: =IFERROR(__xludf.DUMMYFUNCTION("""COMPUTED_VALUE"""),73.0) -> 73 | H84: =IFERROR(__xludf.DUMMYFUNCTION("""COMPUTED_VALUE"""),0.0) -> 0
A85: =IFERROR(__xludf.DUMMYFUNCTION("""COMPUTED_VALUE"""),74.0) -> 74 | H85: =IFERROR(__xludf.DUMMYFUNCTION("""COMPUTED_VALUE"""),0.0) -> 0
A86: =IFERROR(__xludf.DUMMYFUNCTION("""COMPUTED_VALUE"""),75.0) -> 75 | H86: =IFERROR(__xludf.DUMMYFUNCTION("""COMPUTED_VALUE"""),0.0) -> 0
A87: =IFERROR(__xludf.DUMMYFUNCTION("""COMPUTED_VALUE"""),76.0) -> 76 | H87: =IFERROR(__xludf.DUMMYFUNCTION("""COMPUTED_VALUE"""),0.0) -> 0
A88: =IFERROR(__xludf.DUMMYFUNCTION("""COMPUTED_VALUE"""),77.0) -> 77 | H88: =IFERROR(__xludf.DUMMYFUNCTION("""COMPUTED_VALUE"""),0.0) -> 0
A89: =IFERROR(__xludf.DUMMYFUNCTION("""COMPUTED_VALUE"""),78.0) -> 78 | H89: =IFERROR(__xludf.DUMMYFUNCTION("""COMPUTED_VALUE"""),0.0) -> 0
A90: =IFERROR(__xludf.DUMMYFUNCTION("""COMPUTED_VALUE"""),79.0) -> 79 | H90: =IFERROR(__xludf.DUMMYFUNCTION("""COMPUTED_VALUE"""),0.0) -> 0
A91: =IFERROR(__xludf.DUMMYFUNCTION("""COMPUTED_VALUE"""),80.0) -> 80 | H91: =IFERROR(__xludf.DUMMYFUNCTION("""COMPUTED_VALUE"""),0.0) -> 0
A92: =IFERROR(__xludf.DUMMYFUNCTION("""COMPUTED_VALUE"""),81.0) -> 81 | H92: =IFERROR(__xludf.DUMMYFUNCTION("""COMPUTED_VALUE"""),0.0) -> 0
A93: =IFERROR(__xludf.DUMMYFUNCTION("""COMPUTED_VALUE"""),82.0) -> 82 | H93: =IFERROR(__xludf.DUMMYFUNCTION("""COMPUTED_VALUE"""),0.0) -> 0
A94: =IFERROR(__xludf.DUMMYFUNCTION("""COMPUTED_VALUE"""),83.0) -> 83 | H94: =IFERROR(__xludf.DUMMYFUNCTION("""COMPUTED_VALUE"""),0.0) -> 0
A95: =IFERROR(__xludf.DUMMYFUNCTION("""COMPUTED_VALUE"""),84.0) -> 84 | H95: =IFERROR(__xludf.DUMMYFUNCTION("""COMPUTED_VALUE"""),0.0) -> 0
A96: =IFERROR(__xludf.DUMMYFUNCTION("""COMPUTED_VALUE"""),85.0) -> 85 | H96: =IFERROR(__xludf.DUMMYFUNCTION("""COMPUTED_VALUE"""),0.0) -> 0
A97: =IFERROR(__xludf.DUMMYFUNCTION("""COMPUTED_VALUE"""),86.0) -> 86 | H97: =IFERROR(__xludf.DUMMYFUNCTION("""COMPUTED_VALUE"""),0.0) -> 0
A98: =IFERROR(__xludf.DUMMYFUNCTION("""COMPUTED_VALUE"""),87.0) -> 87 | H98: =IFERROR(__xludf.DUMMYFUNCTION("""COMPUTED_VALUE"""),0.0) -> 0
A99: =IFERROR(__xludf.DUMMYFUNCTION("""COMPUTED_VALUE"""),88.0) -> 88 | H99: =IFERROR(__xludf.DUMMYFUNCTION("""COMPUTED_VALUE"""),0.0) -> 0
A100: =IFERROR(__xludf.DUMMYFUNCTION("""COMPUTED_VALUE"""),89.0) -> 89 | H100: =IFERROR(__xludf.DUMMYFUNCTION("""COMPUTED_VALUE"""),0.0) -> 0
A101: =IFERROR(__xludf.DUMMYFUNCTION("""COMPUTED_VALUE"""),90.0) -> 90 | H101: =IFERROR(__xludf.DUMMYFUNCTION("""COMPUTED_VALUE"""),0.0) -> 0
A102: =IFERROR(__xludf.DUMMYFUNCTION("""COMPUTED_VALUE"""),91.0) -> 91 | H102: =IFERROR(__xludf.DUMMYFUNCTION("""COMPUTED_VALUE"""),0.0) -> 0
A103: =IFERROR(__xludf.DUMMYFUNCTION("""COMPUTED_VALUE"""),92.0) -> 92 | H103: =IFERROR(__xludf.DUMMYFUNCTION("""COMPUTED_VALUE"""),0.0) -> 0
A104: =IFERROR(__xludf.DUMMYFUNCTION("""COMPUTED_VALUE"""),93.0) -> 93 | H104: =IFERROR(__xludf.DUMMYFUNCTION("""COMPUTED_VALUE"""),0.0) -> 0
...

Sheet PO MTRL
B1: =IFERROR(__xludf.DUMMYFUNCTION("IMPORTRANGE(""https://docs.google.com/spreadsheets/d/1j-8kBYYPqmcXqtsp1nk42pAatSq0tHG-RvDmkOpWhbc/edit?gid=1519252238#gid=1519252238"",""PO MTRL!$B$1:$U"")"),"KONTROL PO MATERIAL") -> KONTROL PO MATERIAL | R1: =IFERROR(__xludf.DUMMYFUNCTION("""COMPUTED_VALUE""")," PERHATIAN : > ISI KOLOM WARNA KUNING > SHEET TANDA KUNCI SEBAGAI REFERENSI (Tdk bisa diedit, tapi bisa dicoppy) ") -> PERHATIAN : > ISI KOLOM WARNA KUNING > SHEET TANDA KUNCI SEBAGAI REFERENSI (Tdk bisa diedit, tapi bisa dicoppy)
G3: =IFERROR(__xludf.DUMMYFUNCTION("""COMPUTED_VALUE"""),"PIC: LOGISTIK DIVISI") -> PIC: LOGISTIK DIVISI | H3: =IFERROR(__xludf.DUMMYFUNCTION("""COMPUTED_VALUE"""),"T O T A L") -> T O T A L | L3: =IFERROR(__xludf.DUMMYFUNCTION("""COMPUTED_VALUE"""),1.58886E8) -> 158886000 | Q3: =IFERROR(__xludf.DUMMYFUNCTION("""COMPUTED_VALUE"""),2.86910225E9) -> 2869102250
B5: =IFERROR(__xludf.DUMMYFUNCTION("""COMPUTED_VALUE"""),"NOMOR") -> NOMOR | C5: =IFERROR(__xludf.DUMMYFUNCTION("""COMPUTED_VALUE"""),"NOMOR") -> NOMOR | D5: =IFERROR(__xludf.DUMMYFUNCTION("""COMPUTED_VALUE"""),"KODE") -> KODE | E5: =IFERROR(__xludf.DUMMYFUNCTION("""COMPUTED_VALUE"""),"KODE") -> KODE | F5: =IFERROR(__xludf.DUMMYFUNCTION("""COMPUTED_VALUE"""),"TANGGAL") -> TANGGAL | G5: =IFERROR(__xludf.DUMMYFUNCTION("""COMPUTED_VALUE"""),"JENIS MATERIAL") -> JENIS MATERIAL | H5: =IFERROR(__xludf.DUMMYFUNCTION("""COMPUTED_VALUE"""),"SATUAN") -> SATUAN | I5: =IFERROR(__xludf.DUMMYFUNCTION("""COMPUTED_VALUE"""),"HARSAT") -> HARSAT | J5: =IFERROR(__xludf.DUMMYFUNCTION("""COMPUTED_VALUE"""),"KUANTITAS PO") -> KUANTITAS PO | L5: =IFERROR(__xludf.DUMMYFUNCTION("""COMPUTED_VALUE"""),"JUMLAH HARGA PO") -> JUMLAH HARGA PO | N5: =IFERROR(__xludf.DUMMYFUNCTION("""COMPUTED_VALUE"""),"SUMDA (RAPL)") -> SUMDA (RAPL) | P5: =IFERROR(__xludf.DUMMYFUNCTION("""COMPUTED_VALUE"""),"SELISIH PO THD RAPL") -> SELISIH PO THD RAPL | R5: =IFERROR(__xludf.DUMMYFUNCTION("""COMPUTED_VALUE"""),"NAMA SUPLYER") -> NAMA SUPLYER | S5: =IFERROR(__xludf.DUMMYFUNCTION("""COMPUTED_VALUE"""),"KETERANGAN") -> KETERANGAN
B6: =IFERROR(__xludf.DUMMYFUNCTION("""COMPUTED_VALUE"""),"URUT PO") -> URUT PO | C6: =IFERROR(__xludf.DUMMYFUNCTION("""COMPUTED_VALUE"""),"PO") -> PO | D6: =IFERROR(__xludf.DUMMYFUNCTION("""COMPUTED_VALUE"""),"AKUN") -> AKUN | E6: =IFERROR(__xludf.DUMMYFUNCTION("""COMPUTED_VALUE"""),"MATERIAL") -> MATERIAL | I6: =IFERROR(__xludf.DUMMYFUNCTION("""COMPUTED_VALUE"""),"PO") -> PO | J6: =IFERROR(__xludf.DUMMYFUNCTION("""COMPUTED_VALUE"""),"SAAT INI") -> SAAT INI | K6: =IFERROR(__xludf.DUMMYFUNCTION("""COMPUTED_VALUE"""),"AKUM (DIV+PROY)") -> AKUM (DIV+PROY) | L6: =IFERROR(__xludf.DUMMYFUNCTION("""COMPUTED_VALUE"""),"SAAT INI") -> SAAT INI | M6: =IFERROR(__xludf.DUMMYFUNCTION("""COMPUTED_VALUE"""),"AKUM (DIV+PROY)") -> AKUM (DIV+PROY) | N6: =IFERROR(__xludf.DUMMYFUNCTION("""COMPUTED_VALUE"""),"KUANTITAS") -> KUANTITAS | O6: =IFERROR(__xludf.DUMMYFUNCTION("""COMPUTED_VALUE"""),"JMH HRG") -> JMH HRG | P6: =IFERROR(__xludf.DUMMYFUNCTION("""COMPUTED_VALUE"""),"KUANTITAS") -> KUANTITAS | Q6: =IFERROR(__xludf.DUMMYFUNCTION("""COMPUTED_VALUE"""),"JMH HRG") -> JMH HRG
B7: =IFERROR(__xludf.DUMMYFUNCTION("""COMPUTED_VALUE"""),"A") -> A | C7: =IFERROR(__xludf.DUMMYFUNCTION("""COMPUTED_VALUE"""),"B") -> B | D7: =IFERROR(__xludf.DUMMYFUNCTION("""COMPUTED_VALUE"""),"C") -> C | E7: =IFERROR(__xludf.DUMMYFUNCTION("""COMPUTED_VALUE"""),"D") -> D | F7: =IFERROR(__xludf.DUMMYFUNCTION("""COMPUTED_VALUE"""),"E") -> E | G7: =IFERROR(__xludf.DUMMYFUNCTION("""COMPUTED_VALUE"""),"F") -> F | H7: =IFERROR(__xludf.DUMMYFUNCTION("""COMPUTED_VALUE"""),"G") -> G | I7: =IFERROR(__xludf.DUMMYFUNCTION("""COMPUTED_VALUE"""),"H") -> H | J7: =IFERROR(__xludf.DUMMYFUNCTION("""COMPUTED_VALUE"""),"I") -> I | K7: =IFERROR(__xludf.DUMMYFUNCTION("""COMPUTED_VALUE"""),"J") -> J | L7: =IFERROR(__xludf.DUMMYFUNCTION("""COMPUTED_VALUE"""),"K= H x I") -> K= H x I | M7: =IFERROR(__xludf.DUMMYFUNCTION("""COMPUTED_VALUE"""),"L") -> L | N7: =IFERROR(__xludf.DUMMYFUNCTION("""COMPUTED_VALUE"""),"M") -> M | O7: =IFERROR(__xludf.DUMMYFUNCTION("""COMPUTED_VALUE"""),"N") -> N | P7: =IFERROR(__xludf.DUMMYFUNCTION("""COMPUTED_VALUE"""),"O= M - J") -> O= M - J | Q7: =IFERROR(__xludf.DUMMYFUNCTION("""COMPUTED_VALUE"""),"P= N - L") -> P= N - L | R7: =IFERROR(__xludf.DUMMYFUNCTION("""COMPUTED_VALUE"""),"Q") -> Q | S7: =IFERROR(__xludf.DUMMYFUNCTION("""COMPUTED_VALUE"""),"R") -> R | U7: =IFERROR(__xludf.DUMMYFUNCTION("""COMPUTED_VALUE"""),"CATATAN :") -> CATATAN :
U8: =IFERROR(__xludf.DUMMYFUNCTION("""COMPUTED_VALUE"""),"1. B511") -> 1. B511
B9: =IFERROR(__xludf.DUMMYFUNCTION("""COMPUTED_VALUE"""),1.0) -> 1 | C9: =IFERROR(__xludf.DUMMYFUNCTION("""COMPUTED_VALUE""")," PO1 ") -> PO1 | D9: =IFERROR(__xludf.DUMMYFUNCTION("""COMPUTED_VALUE"""),2.0) -> 2 | E9: =IFERROR(__xludf.DUMMYFUNCTION("""COMPUTED_VALUE""")," M002 ") -> M002 | F9: =IFERROR(__xludf.DUMMYFUNCTION("""COMPUTED_VALUE"""),46154.0) -> 46154 | G9: =IFERROR(__xludf.DUMMYFUNCTION("""COMPUTED_VALUE""")," Baja Tul Ulir ") -> Baja Tul Ulir | H9: =IFERROR(__xludf.DUMMYFUNCTION("""COMPUTED_VALUE""")," KG ") -> KG | I9: =IFERROR(__xludf.DUMMYFUNCTION("""COMPUTED_VALUE"""),8500.0) -> 8500 | J9: =IFERROR(__xludf.DUMMYFUNCTION("""COMPUTED_VALUE"""),5000.0) -> 5000 | K9: =IFERROR(__xludf.DUMMYFUNCTION("""COMPUTED_VALUE"""),7000.0) -> 7000 | L9: =IFERROR(__xludf.DUMMYFUNCTION("""COMPUTED_VALUE"""),4.25E7) -> 42500000 | M9: =IFERROR(__xludf.DUMMYFUNCTION("""COMPUTED_VALUE"""),6.05E7) -> 60500000 | N9: =IFERROR(__xludf.DUMMYFUNCTION("""COMPUTED_VALUE"""),146156.25) -> 146156.25 | O9: =IFERROR(__xludf.DUMMYFUNCTION("""COMPUTED_VALUE"""),1.242328125E9) -> 1242328125 | P9: =IFERROR(__xludf.DUMMYFUNCTION("""COMPUTED_VALUE"""),139156.25) -> 139156.25 | Q9: =IFERROR(__xludf.DUMMYFUNCTION("""COMPUTED_VALUE"""),1.181828125E9) -> 1181828125 | R9: =IFERROR(__xludf.DUMMYFUNCTION("""COMPUTED_VALUE"""),"KKK") -> KKK | S9: =IFERROR(__xludf.DUMMYFUNCTION("""COMPUTED_VALUE"""),"XXX") -> XXX
B10: =IFERROR(__xludf.DUMMYFUNCTION("""COMPUTED_VALUE"""),2.0) -> 2 | C10: =IFERROR(__xludf.DUMMYFUNCTION("""COMPUTED_VALUE""")," PO2 ") -> PO2 | D10: =IFERROR(__xludf.DUMMYFUNCTION("""COMPUTED_VALUE"""),2.0) -> 2 | E10: =IFERROR(__xludf.DUMMYFUNCTION("""COMPUTED_VALUE""")," M002 ") -> M002 | F10: =IFERROR(__xludf.DUMMYFUNCTION("""COMPUTED_VALUE"""),46157.0) -> 46157 | G10: =IFERROR(__xludf.DUMMYFUNCTION("""COMPUTED_VALUE""")," Baja Tul Ulir ") -> Baja Tul Ulir | H10: =IFERROR(__xludf.DUMMYFUNCTION("""COMPUTED_VALUE""")," KG ") -> KG | I10: =IFERROR(__xludf.DUMMYFUNCTION("""COMPUTED_VALUE"""),9000.0) -> 9000 | J10: =IFERROR(__xludf.DUMMYFUNCTION("""COMPUTED_VALUE"""),2000.0) -> 2000 | K10: =IFERROR(__xludf.DUMMYFUNCTION("""COMPUTED_VALUE"""),7000.0) -> 7000 | L10: =IFERROR(__xludf.DUMMYFUNCTION("""COMPUTED_VALUE"""),1.8E7) -> 18000000 | M10: =IFERROR(__xludf.DUMMYFUNCTION("""COMPUTED_VALUE"""),6.05E7) -> 60500000 | N10: =IFERROR(__xludf.DUMMYFUNCTION("""COMPUTED_VALUE"""),146156.25) -> 146156.25 | O10: =IFERROR(__xludf.DUMMYFUNCTION("""COMPUTED_VALUE"""),1.242328125E9) -> 1242328125 | P10: =IFERROR(__xludf.DUMMYFUNCTION("""COMPUTED_VALUE"""),139156.25) -> 139156.25 | Q10: =IFERROR(__xludf.DUMMYFUNCTION("""COMPUTED_VALUE"""),1.181828125E9) -> 1181828125 | R10: =IFERROR(__xludf.DUMMYFUNCTION("""COMPUTED_VALUE"""),"LLL") -> LLL | S10: =IFERROR(__xludf.DUMMYFUNCTION("""COMPUTED_VALUE"""),"XXX") -> XXX
B11: =IFERROR(__xludf.DUMMYFUNCTION("""COMPUTED_VALUE"""),3.0) -> 3 | D11: =IFERROR(__xludf.DUMMYFUNCTION("""COMPUTED_VALUE"""),"") | E11: =IFERROR(__xludf.DUMMYFUNCTION("""COMPUTED_VALUE"""),0.0) -> 0 | H11: =IFERROR(__xludf.DUMMYFUNCTION("""COMPUTED_VALUE"""),0.0) -> 0 | K11: =IFERROR(__xludf.DUMMYFUNCTION("""COMPUTED_VALUE"""),0.0) -> 0 | L11: =IFERROR(__xludf.DUMMYFUNCTION("""COMPUTED_VALUE"""),0.0) -> 0 | M11: =IFERROR(__xludf.DUMMYFUNCTION("""COMPUTED_VALUE"""),0.0) -> 0 | N11: =IFERROR(__xludf.DUMMYFUNCTION("""COMPUTED_VALUE"""),0.0) -> 0 | O11: =IFERROR(__xludf.DUMMYFUNCTION("""COMPUTED_VALUE"""),0.0) -> 0 | P11: =IFERROR(__xludf.DUMMYFUNCTION("""COMPUTED_VALUE"""),0.0) -> 0 | Q11: =IFERROR(__xludf.DUMMYFUNCTION("""COMPUTED_VALUE"""),0.0) -> 0
B12: =IFERROR(__xludf.DUMMYFUNCTION("""COMPUTED_VALUE"""),4.0) -> 4 | C12: =IFERROR(__xludf.DUMMYFUNCTION("""COMPUTED_VALUE""")," PO3 ") -> PO3 | D12: =IFERROR(__xludf.DUMMYFUNCTION("""COMPUTED_VALUE"""),7.0) -> 7 | E12: =IFERROR(__xludf.DUMMYFUNCTION("""COMPUTED_VALUE""")," M007 ") -> M007 | F12: =IFERROR(__xludf.DUMMYFUNCTION("""COMPUTED_VALUE"""),46158.0) -> 46158 | G12: =IFERROR(__xludf.DUMMYFUNCTION("""COMPUTED_VALUE""")," Multipleks 18 mm ") -> Multipleks 18 mm | H12: =IFERROR(__xludf.DUMMYFUNCTION("""COMPUTED_VALUE""")," LBR ") -> LBR | I12: =IFERROR(__xludf.DUMMYFUNCTION("""COMPUTED_VALUE"""),250000.0) -> 250000 | J12: =IFERROR(__xludf.DUMMYFUNCTION("""COMPUTED_VALUE"""),10.0) -> 10 | K12: =IFERROR(__xludf.DUMMYFUNCTION("""COMPUTED_VALUE"""),10.0) -> 10 | L12: =IFERROR(__xludf.DUMMYFUNCTION("""COMPUTED_VALUE"""),2500000.0) -> 2500000 | M12: =IFERROR(__xludf.DUMMYFUNCTION("""COMPUTED_VALUE"""),2500000.0) -> 2500000 | N12: =IFERROR(__xludf.DUMMYFUNCTION("""COMPUTED_VALUE"""),60.0) -> 60 | O12: =IFERROR(__xludf.DUMMYFUNCTION("""COMPUTED_VALUE"""),1.5E7) -> 15000000 | P12: =IFERROR(__xludf.DUMMYFUNCTION("""COMPUTED_VALUE"""),50.0) -> 50 | Q12: =IFERROR(__xludf.DUMMYFUNCTION("""COMPUTED_VALUE"""),1.25E7) -> 12500000 | R12: =IFERROR(__xludf.DUMMYFUNCTION("""COMPUTED_VALUE"""),"GGG") -> GGG | S12: =IFERROR(__xludf.DUMMYFUNCTION("""COMPUTED_VALUE"""),"XXX") -> XXX
B13: =IFERROR(__xludf.DUMMYFUNCTION("""COMPUTED_VALUE"""),5.0) -> 5 | C13: =IFERROR(__xludf.DUMMYFUNCTION("""COMPUTED_VALUE""")," PO3 ") -> PO3 | D13: =IFERROR(__xludf.DUMMYFUNCTION("""COMPUTED_VALUE"""),8.0) -> 8 | E13: =IFERROR(__xludf.DUMMYFUNCTION("""COMPUTED_VALUE""")," M008 ") -> M008 | F13: =IFERROR(__xludf.DUMMYFUNCTION("""COMPUTED_VALUE"""),46158.0) -> 46158 | G13: =IFERROR(__xludf.DUMMYFUNCTION("""COMPUTED_VALUE""")," Paku ") -> Paku | H13: =IFERROR(__xludf.DUMMYFUNCTION("""COMPUTED_VALUE""")," KG ") -> KG | I13: =IFERROR(__xludf.DUMMYFUNCTION("""COMPUTED_VALUE"""),20000.0) -> 20000 | J13: =IFERROR(__xludf.DUMMYFUNCTION("""COMPUTED_VALUE"""),8.0) -> 8 | K13: =IFERROR(__xludf.DUMMYFUNCTION("""COMPUTED_VALUE"""),10.0) -> 10 | L13: =IFERROR(__xludf.DUMMYFUNCTION("""COMPUTED_VALUE"""),160000.0) -> 160000 | M13: =IFERROR(__xludf.DUMMYFUNCTION("""COMPUTED_VALUE"""),202000.0) -> 202000 | N13: =IFERROR(__xludf.DUMMYFUNCTION("""COMPUTED_VALUE"""),30.0) -> 30 | O13: =IFERROR(__xludf.DUMMYFUNCTION("""COMPUTED_VALUE"""),600000.0) -> 600000 | P13: =IFERROR(__xludf.DUMMYFUNCTION("""COMPUTED_VALUE"""),20.0) -> 20 | Q13: =IFERROR(__xludf.DUMMYFUNCTION("""COMPUTED_VALUE"""),398000.0) -> 398000 | R13: =IFERROR(__xludf.DUMMYFUNCTION("""COMPUTED_VALUE"""),"GGG") -> GGG | S13: =IFERROR(__xludf.DUMMYFUNCTION("""COMPUTED_VALUE"""),"XXX") -> XXX
B14: =IFERROR(__xludf.DUMMYFUNCTION("""COMPUTED_VALUE"""),6.0) -> 6 | D14: =IFERROR(__xludf.DUMMYFUNCTION("""COMPUTED_VALUE"""),"") | E14: =IFERROR(__xludf.DUMMYFUNCTION("""COMPUTED_VALUE"""),0.0) -> 0 | H14: =IFERROR(__xludf.DUMMYFUNCTION("""COMPUTED_VALUE"""),0.0) -> 0 | K14: =IFERROR(__xludf.DUMMYFUNCTION("""COMPUTED_VALUE"""),0.0) -> 0 | L14: =IFERROR(__xludf.DUMMYFUNCTION("""COMPUTED_VALUE"""),0.0) -> 0 | M14: =IFERROR(__xludf.DUMMYFUNCTION("""COMPUTED_VALUE"""),0.0) -> 0 | N14: =IFERROR(__xludf.DUMMYFUNCTION("""COMPUTED_VALUE"""),0.0) -> 0 | O14: =IFERROR(__xludf.DUMMYFUNCTION("""COMPUTED_VALUE"""),0.0) -> 0 | P14: =IFERROR(__xludf.DUMMYFUNCTION("""COMPUTED_VALUE"""),0.0) -> 0 | Q14: =IFERROR(__xludf.DUMMYFUNCTION("""COMPUTED_VALUE"""),0.0) -> 0
B15: =IFERROR(__xludf.DUMMYFUNCTION("""COMPUTED_VALUE"""),7.0) -> 7 | C15: =IFERROR(__xludf.DUMMYFUNCTION("""COMPUTED_VALUE""")," PO4 ") -> PO4 | D15: =IFERROR(__xludf.DUMMYFUNCTION("""COMPUTED_VALUE"""),3.0) -> 3 | E15: =IFERROR(__xludf.DUMMYFUNCTION("""COMPUTED_VALUE""")," M003 ") -> M003 | F15: =IFERROR(__xludf.DUMMYFUNCTION("""COMPUTED_VALUE"""),46160.0) -> 46160 | G15: =IFERROR(__xludf.DUMMYFUNCTION("""COMPUTED_VALUE""")," Beton Ready fc' 30 MPa ") -> Beton Ready fc' 30 MPa | H15: =IFERROR(__xludf.DUMMYFUNCTION("""COMPUTED_VALUE""")," M3 ") -> M3 | I15: =IFERROR(__xludf.DUMMYFUNCTION("""COMPUTED_VALUE"""),200000.0) -> 200000 | J15: =IFERROR(__xludf.DUMMYFUNCTION("""COMPUTED_VALUE"""),25.0) -> 25 | K15: =IFERROR(__xludf.DUMMYFUNCTION("""COMPUTED_VALUE"""),25.0) -> 25 | L15: =IFERROR(__xludf.DUMMYFUNCTION("""COMPUTED_VALUE"""),5000000.0) -> 5000000 | M15: =IFERROR(__xludf.DUMMYFUNCTION("""COMPUTED_VALUE"""),5000000.0) -> 5000000 | N15: =IFERROR(__xludf.DUMMYFUNCTION("""COMPUTED_VALUE"""),474.375) -> 474.375 | O15: =IFERROR(__xludf.DUMMYFUNCTION("""COMPUTED_VALUE"""),4.9335E8) -> 493350000 | P15: =IFERROR(__xludf.DUMMYFUNCTION("""COMPUTED_VALUE"""),449.375) -> 449.375 | Q15: =IFERROR(__xludf.DUMMYFUNCTION("""COMPUTED_VALUE"""),4.8835E8) -> 488350000 | R15: =IFERROR(__xludf.DUMMYFUNCTION("""COMPUTED_VALUE"""),"JJJ") -> JJJ | S15: =IFERROR(__xludf.DUMMYFUNCTION("""COMPUTED_VALUE"""),"XXX") -> XXX
B16: =IFERROR(__xludf.DUMMYFUNCTION("""COMPUTED_VALUE"""),8.0) -> 8 | D16: =IFERROR(__xludf.DUMMYFUNCTION("""COMPUTED_VALUE"""),"") | E16: =IFERROR(__xludf.DUMMYFUNCTION("""COMPUTED_VALUE"""),0.0) -> 0 | H16: =IFERROR(__xludf.DUMMYFUNCTION("""COMPUTED_VALUE"""),0.0) -> 0 | K16: =IFERROR(__xludf.DUMMYFUNCTION("""COMPUTED_VALUE"""),0.0) -> 0 | L16: =IFERROR(__xludf.DUMMYFUNCTION("""COMPUTED_VALUE"""),0.0) -> 0 | M16: =IFERROR(__xludf.DUMMYFUNCTION("""COMPUTED_VALUE"""),0.0) -> 0 | N16: =IFERROR(__xludf.DUMMYFUNCTION("""COMPUTED_VALUE"""),0.0) -> 0 | O16: =IFERROR(__xludf.DUMMYFUNCTION("""COMPUTED_VALUE"""),0.0) -> 0 | P16: =IFERROR(__xludf.DUMMYFUNCTION("""COMPUTED_VALUE"""),0.0) -> 0 | Q16: =IFERROR(__xludf.DUMMYFUNCTION("""COMPUTED_VALUE"""),0.0) -> 0
B17: =IFERROR(__xludf.DUMMYFUNCTION("""COMPUTED_VALUE"""),9.0) -> 9 | D17: =IFERROR(__xludf.DUMMYFUNCTION("""COMPUTED_VALUE"""),"") | E17: =IFERROR(__xludf.DUMMYFUNCTION("""COMPUTED_VALUE"""),0.0) -> 0 | H17: =IFERROR(__xludf.DUMMYFUNCTION("""COMPUTED_VALUE"""),0.0) -> 0 | K17: =IFERROR(__xludf.DUMMYFUNCTION("""COMPUTED_VALUE"""),0.0) -> 0 | L17: =IFERROR(__xludf.DUMMYFUNCTION("""COMPUTED_VALUE"""),0.0) -> 0 | M17: =IFERROR(__xludf.DUMMYFUNCTION("""COMPUTED_VALUE"""),0.0) -> 0 | N17: =IFERROR(__xludf.DUMMYFUNCTION("""COMPUTED_VALUE"""),0.0) -> 0 | O17: =IFERROR(__xludf.DUMMYFUNCTION("""COMPUTED_VALUE"""),0.0) -> 0 | P17: =IFERROR(__xludf.DUMMYFUNCTION("""COMPUTED_VALUE"""),0.0) -> 0 | Q17: =IFERROR(__xludf.DUMMYFUNCTION("""COMPUTED_VALUE"""),0.0) -> 0
B18: =IFERROR(__xludf.DUMMYFUNCTION("""COMPUTED_VALUE"""),10.0) -> 10 | D18: =IFERROR(__xludf.DUMMYFUNCTION("""COMPUTED_VALUE"""),"") | E18: =IFERROR(__xludf.DUMMYFUNCTION("""COMPUTED_VALUE"""),0.0) -> 0 | H18: =IFERROR(__xludf.DUMMYFUNCTION("""COMPUTED_VALUE"""),0.0) -> 0 | K18: =IFERROR(__xludf.DUMMYFUNCTION("""COMPUTED_VALUE"""),0.0) -> 0 | L18: =IFERROR(__xludf.DUMMYFUNCTION("""COMPUTED_VALUE"""),0.0) -> 0 | M18: =IFERROR(__xludf.DUMMYFUNCTION("""COMPUTED_VALUE"""),0.0) -> 0 | N18: =IFERROR(__xludf.DUMMYFUNCTION("""COMPUTED_VALUE"""),0.0) -> 0 | O18: =IFERROR(__xludf.DUMMYFUNCTION("""COMPUTED_VALUE"""),0.0) -> 0 | P18: =IFERROR(__xludf.DUMMYFUNCTION("""COMPUTED_VALUE"""),0.0) -> 0 | Q18: =IFERROR(__xludf.DUMMYFUNCTION("""COMPUTED_VALUE"""),0.0) -> 0
B19: =IFERROR(__xludf.DUMMYFUNCTION("""COMPUTED_VALUE"""),11.0) -> 11 | D19: =IFERROR(__xludf.DUMMYFUNCTION("""COMPUTED_VALUE"""),"") | E19: =IFERROR(__xludf.DUMMYFUNCTION("""COMPUTED_VALUE"""),0.0) -> 0 | H19: =IFERROR(__xludf.DUMMYFUNCTION("""COMPUTED_VALUE"""),0.0) -> 0 | K19: =IFERROR(__xludf.DUMMYFUNCTION("""COMPUTED_VALUE"""),0.0) -> 0 | L19: =IFERROR(__xludf.DUMMYFUNCTION("""COMPUTED_VALUE"""),0.0) -> 0 | M19: =IFERROR(__xludf.DUMMYFUNCTION("""COMPUTED_VALUE"""),0.0) -> 0 | N19: =IFERROR(__xludf.DUMMYFUNCTION("""COMPUTED_VALUE"""),0.0) -> 0 | O19: =IFERROR(__xludf.DUMMYFUNCTION("""COMPUTED_VALUE"""),0.0) -> 0 | P19: =IFERROR(__xludf.DUMMYFUNCTION("""COMPUTED_VALUE"""),0.0) -> 0 | Q19: =IFERROR(__xludf.DUMMYFUNCTION("""COMPUTED_VALUE"""),0.0) -> 0
B20: =IFERROR(__xludf.DUMMYFUNCTION("""COMPUTED_VALUE"""),12.0) -> 12 | D20: =IFERROR(__xludf.DUMMYFUNCTION("""COMPUTED_VALUE"""),"") | E20: =IFERROR(__xludf.DUMMYFUNCTION("""COMPUTED_VALUE"""),0.0) -> 0 | H20: =IFERROR(__xludf.DUMMYFUNCTION("""COMPUTED_VALUE"""),0.0) -> 0 | K20: =IFERROR(__xludf.DUMMYFUNCTION("""COMPUTED_VALUE"""),0.0) -> 0 | L20: =IFERROR(__xludf.DUMMYFUNCTION("""COMPUTED_VALUE"""),0.0) -> 0 | M20: =IFERROR(__xludf.DUMMYFUNCTION("""COMPUTED_VALUE"""),0.0) -> 0 | N20: =IFERROR(__xludf.DUMMYFUNCTION("""COMPUTED_VALUE"""),0.0) -> 0 | O20: =IFERROR(__xludf.DUMMYFUNCTION("""COMPUTED_VALUE"""),0.0) -> 0 | P20: =IFERROR(__xludf.DUMMYFUNCTION("""COMPUTED_VALUE"""),0.0) -> 0 | Q20: =IFERROR(__xludf.DUMMYFUNCTION("""COMPUTED_VALUE"""),0.0) -> 0
B21: =IFERROR(__xludf.DUMMYFUNCTION("""COMPUTED_VALUE"""),13.0) -> 13 | D21: =IFERROR(__xludf.DUMMYFUNCTION("""COMPUTED_VALUE"""),"") | E21: =IFERROR(__xludf.DUMMYFUNCTION("""COMPUTED_VALUE"""),0.0) -> 0 | H21: =IFERROR(__xludf.DUMMYFUNCTION("""COMPUTED_VALUE"""),0.0) -> 0 | K21: =IFERROR(__xludf.DUMMYFUNCTION("""COMPUTED_VALUE"""),0.0) -> 0 | L21: =IFERROR(__xludf.DUMMYFUNCTION("""COMPUTED_VALUE"""),0.0) -> 0 | M21: =IFERROR(__xludf.DUMMYFUNCTION("""COMPUTED_VALUE"""),0.0) -> 0 | N21: =IFERROR(__xludf.DUMMYFUNCTION("""COMPUTED_VALUE"""),0.0) -> 0 | O21: =IFERROR(__xludf.DUMMYFUNCTION("""COMPUTED_VALUE"""),0.0) -> 0 | P21: =IFERROR(__xludf.DUMMYFUNCTION("""COMPUTED_VALUE"""),0.0) -> 0 | Q21: =IFERROR(__xludf.DUMMYFUNCTION("""COMPUTED_VALUE"""),0.0) -> 0
B22: =IFERROR(__xludf.DUMMYFUNCTION("""COMPUTED_VALUE"""),14.0) -> 14 | D22: =IFERROR(__xludf.DUMMYFUNCTION("""COMPUTED_VALUE"""),"") | E22: =IFERROR(__xludf.DUMMYFUNCTION("""COMPUTED_VALUE"""),0.0) -> 0 | H22: =IFERROR(__xludf.DUMMYFUNCTION("""COMPUTED_VALUE"""),0.0) -> 0 | K22: =IFERROR(__xludf.DUMMYFUNCTION("""COMPUTED_VALUE"""),0.0) -> 0 | L22: =IFERROR(__xludf.DUMMYFUNCTION("""COMPUTED_VALUE"""),0.0) -> 0 | M22: =IFERROR(__xludf.DUMMYFUNCTION("""COMPUTED_VALUE"""),0.0) -> 0 | N22: =IFERROR(__xludf.DUMMYFUNCTION("""COMPUTED_VALUE"""),0.0) -> 0 | O22: =IFERROR(__xludf.DUMMYFUNCTION("""COMPUTED_VALUE"""),0.0) -> 0 | P22: =IFERROR(__xludf.DUMMYFUNCTION("""COMPUTED_VALUE"""),0.0) -> 0 | Q22: =IFERROR(__xludf.DUMMYFUNCTION("""COMPUTED_VALUE"""),0.0) -> 0
B23: =IFERROR(__xludf.DUMMYFUNCTION("""COMPUTED_VALUE"""),15.0) -> 15 | D23: =IFERROR(__xludf.DUMMYFUNCTION("""COMPUTED_VALUE"""),"") | E23: =IFERROR(__xludf.DUMMYFUNCTION("""COMPUTED_VALUE"""),0.0) -> 0 | H23: =IFERROR(__xludf.DUMMYFUNCTION("""COMPUTED_VALUE"""),0.0) -> 0 | K23: =IFERROR(__xludf.DUMMYFUNCTION("""COMPUTED_VALUE"""),0.0) -> 0 | L23: =IFERROR(__xludf.DUMMYFUNCTION("""COMPUTED_VALUE"""),0.0) -> 0 | M23: =IFERROR(__xludf.DUMMYFUNCTION("""COMPUTED_VALUE"""),0.0) -> 0 | N23: =IFERROR(__xludf.DUMMYFUNCTION("""COMPUTED_VALUE"""),0.0) -> 0 | O23: =IFERROR(__xludf.DUMMYFUNCTION("""COMPUTED_VALUE"""),0.0) -> 0 | P23: =IFERROR(__xludf.DUMMYFUNCTION("""COMPUTED_VALUE"""),0.0) -> 0 | Q23: =IFERROR(__xludf.DUMMYFUNCTION("""COMPUTED_VALUE"""),0.0) -> 0
B24: =IFERROR(__xludf.DUMMYFUNCTION("""COMPUTED_VALUE"""),16.0) -> 16 | D24: =IFERROR(__xludf.DUMMYFUNCTION("""COMPUTED_VALUE"""),"") | E24: =IFERROR(__xludf.DUMMYFUNCTION("""COMPUTED_VALUE"""),0.0) -> 0 | H24: =IFERROR(__xludf.DUMMYFUNCTION("""COMPUTED_VALUE"""),0.0) -> 0 | K24: =IFERROR(__xludf.DUMMYFUNCTION("""COMPUTED_VALUE"""),0.0) -> 0 | L24: =IFERROR(__xludf.DUMMYFUNCTION("""COMPUTED_VALUE"""),0.0) -> 0 | M24: =IFERROR(__xludf.DUMMYFUNCTION("""COMPUTED_VALUE"""),0.0) -> 0 | N24: =IFERROR(__xludf.DUMMYFUNCTION("""COMPUTED_VALUE"""),0.0) -> 0 | O24: =IFERROR(__xludf.DUMMYFUNCTION("""COMPUTED_VALUE"""),0.0) -> 0 | P24: =IFERROR(__xludf.DUMMYFUNCTION("""COMPUTED_VALUE"""),0.0) -> 0 | Q24: =IFERROR(__xludf.DUMMYFUNCTION("""COMPUTED_VALUE"""),0.0) -> 0
B25: =IFERROR(__xludf.DUMMYFUNCTION("""COMPUTED_VALUE"""),17.0) -> 17 | D25: =IFERROR(__xludf.DUMMYFUNCTION("""COMPUTED_VALUE"""),"") | E25: =IFERROR(__xludf.DUMMYFUNCTION("""COMPUTED_VALUE"""),0.0) -> 0 | H25: =IFERROR(__xludf.DUMMYFUNCTION("""COMPUTED_VALUE"""),0.0) -> 0 | K25: =IFERROR(__xludf.DUMMYFUNCTION("""COMPUTED_VALUE"""),0.0) -> 0 | L25: =IFERROR(__xludf.DUMMYFUNCTION("""COMPUTED_VALUE"""),0.0) -> 0 | M25: =IFERROR(__xludf.DUMMYFUNCTION("""COMPUTED_VALUE"""),0.0) -> 0 | N25: =IFERROR(__xludf.DUMMYFUNCTION("""COMPUTED_VALUE"""),0.0) -> 0 | O25: =IFERROR(__xludf.DUMMYFUNCTION("""COMPUTED_VALUE"""),0.0) -> 0 | P25: =IFERROR(__xludf.DUMMYFUNCTION("""COMPUTED_VALUE"""),0.0) -> 0 | Q25: =IFERROR(__xludf.DUMMYFUNCTION("""COMPUTED_VALUE"""),0.0) -> 0
B26: =IFERROR(__xludf.DUMMYFUNCTION("""COMPUTED_VALUE"""),18.0) -> 18 | D26: =IFERROR(__xludf.DUMMYFUNCTION("""COMPUTED_VALUE"""),"") | E26: =IFERROR(__xludf.DUMMYFUNCTION("""COMPUTED_VALUE"""),0.0) -> 0 | H26: =IFERROR(__xludf.DUMMYFUNCTION("""COMPUTED_VALUE"""),0.0) -> 0 | K26: =IFERROR(__xludf.DUMMYFUNCTION("""COMPUTED_VALUE"""),0.0) -> 0 | L26: =IFERROR(__xludf.DUMMYFUNCTION("""COMPUTED_VALUE"""),0.0) -> 0 | M26: =IFERROR(__xludf.DUMMYFUNCTION("""COMPUTED_VALUE"""),0.0) -> 0 | N26: =IFERROR(__xludf.DUMMYFUNCTION("""COMPUTED_VALUE"""),0.0) -> 0 | O26: =IFERROR(__xludf.DUMMYFUNCTION("""COMPUTED_VALUE"""),0.0) -> 0 | P26: =IFERROR(__xludf.DUMMYFUNCTION("""COMPUTED_VALUE"""),0.0) -> 0 | Q26: =IFERROR(__xludf.DUMMYFUNCTION("""COMPUTED_VALUE"""),0.0) -> 0
B27: =IFERROR(__xludf.DUMMYFUNCTION("""COMPUTED_VALUE"""),19.0) -> 19 | D27: =IFERROR(__xludf.DUMMYFUNCTION("""COMPUTED_VALUE"""),"") | E27: =IFERROR(__xludf.DUMMYFUNCTION("""COMPUTED_VALUE"""),0.0) -> 0 | H27: =IFERROR(__xludf.DUMMYFUNCTION("""COMPUTED_VALUE"""),0.0) -> 0 | K27: =IFERROR(__xludf.DUMMYFUNCTION("""COMPUTED_VALUE"""),0.0) -> 0 | L27: =IFERROR(__xludf.DUMMYFUNCTION("""COMPUTED_VALUE"""),0.0) -> 0 | M27: =IFERROR(__xludf.DUMMYFUNCTION("""COMPUTED_VALUE"""),0.0) -> 0 | N27: =IFERROR(__xludf.DUMMYFUNCTION("""COMPUTED_VALUE"""),0.0) -> 0 | O27: =IFERROR(__xludf.DUMMYFUNCTION("""COMPUTED_VALUE"""),0.0) -> 0 | P27: =IFERROR(__xludf.DUMMYFUNCTION("""COMPUTED_VALUE"""),0.0) -> 0 | Q27: =IFERROR(__xludf.DUMMYFUNCTION("""COMPUTED_VALUE"""),0.0) -> 0
B28: =IFERROR(__xludf.DUMMYFUNCTION("""COMPUTED_VALUE"""),20.0) -> 20 | D28: =IFERROR(__xludf.DUMMYFUNCTION("""COMPUTED_VALUE"""),"") | E28: =IFERROR(__xludf.DUMMYFUNCTION("""COMPUTED_VALUE"""),0.0) -> 0 | H28: =IFERROR(__xludf.DUMMYFUNCTION("""COMPUTED_VALUE"""),0.0) -> 0 | K28: =IFERROR(__xludf.DUMMYFUNCTION("""COMPUTED_VALUE"""),0.0) -> 0 | L28: =IFERROR(__xludf.DUMMYFUNCTION("""COMPUTED_VALUE"""),0.0) -> 0 | M28: =IFERROR(__xludf.DUMMYFUNCTION("""COMPUTED_VALUE"""),0.0) -> 0 | N28: =IFERROR(__xludf.DUMMYFUNCTION("""COMPUTED_VALUE"""),0.0) -> 0 | O28: =IFERROR(__xludf.DUMMYFUNCTION("""COMPUTED_VALUE"""),0.0) -> 0 | P28: =IFERROR(__xludf.DUMMYFUNCTION("""COMPUTED_VALUE"""),0.0) -> 0 | Q28: =IFERROR(__xludf.DUMMYFUNCTION("""COMPUTED_VALUE"""),0.0) -> 0
B29: =IFERROR(__xludf.DUMMYFUNCTION("""COMPUTED_VALUE"""),21.0) -> 21 | D29: =IFERROR(__xludf.DUMMYFUNCTION("""COMPUTED_VALUE"""),"") | E29: =IFERROR(__xludf.DUMMYFUNCTION("""COMPUTED_VALUE"""),0.0) -> 0 | H29: =IFERROR(__xludf.DUMMYFUNCTION("""COMPUTED_VALUE"""),0.0) -> 0 | K29: =IFERROR(__xludf.DUMMYFUNCTION("""COMPUTED_VALUE"""),0.0) -> 0 | L29: =IFERROR(__xludf.DUMMYFUNCTION("""COMPUTED_VALUE"""),0.0) -> 0 | M29: =IFERROR(__xludf.DUMMYFUNCTION("""COMPUTED_VALUE"""),0.0) -> 0 | N29: =IFERROR(__xludf.DUMMYFUNCTION("""COMPUTED_VALUE"""),0.0) -> 0 | O29: =IFERROR(__xludf.DUMMYFUNCTION("""COMPUTED_VALUE"""),0.0) -> 0 | P29: =IFERROR(__xludf.DUMMYFUNCTION("""COMPUTED_VALUE"""),0.0) -> 0 | Q29: =IFERROR(__xludf.DUMMYFUNCTION("""COMPUTED_VALUE"""),0.0) -> 0
B30: =IFERROR(__xludf.DUMMYFUNCTION("""COMPUTED_VALUE"""),22.0) -> 22 | D30: =IFERROR(__xludf.DUMMYFUNCTION("""COMPUTED_VALUE"""),"") | E30: =IFERROR(__xludf.DUMMYFUNCTION("""COMPUTED_VALUE"""),0.0) -> 0 | H30: =IFERROR(__xludf.DUMMYFUNCTION("""COMPUTED_VALUE"""),0.0) -> 0 | K30: =IFERROR(__xludf.DUMMYFUNCTION("""COMPUTED_VALUE"""),0.0) -> 0 | L30: =IFERROR(__xludf.DUMMYFUNCTION("""COMPUTED_VALUE"""),0.0) -> 0 | M30: =IFERROR(__xludf.DUMMYFUNCTION("""COMPUTED_VALUE"""),0.0) -> 0 | N30: =IFERROR(__xludf.DUMMYFUNCTION("""COMPUTED_VALUE"""),0.0) -> 0 | O30: =IFERROR(__xludf.DUMMYFUNCTION("""COMPUTED_VALUE"""),0.0) -> 0 | P30: =IFERROR(__xludf.DUMMYFUNCTION("""COMPUTED_VALUE"""),0.0) -> 0 | Q30: =IFERROR(__xludf.DUMMYFUNCTION("""COMPUTED_VALUE"""),0.0) -> 0
B31: =IFERROR(__xludf.DUMMYFUNCTION("""COMPUTED_VALUE"""),23.0) -> 23 | D31: =IFERROR(__xludf.DUMMYFUNCTION("""COMPUTED_VALUE"""),"") | E31: =IFERROR(__xludf.DUMMYFUNCTION("""COMPUTED_VALUE"""),0.0) -> 0 | H31: =IFERROR(__xludf.DUMMYFUNCTION("""COMPUTED_VALUE"""),0.0) -> 0 | K31: =IFERROR(__xludf.DUMMYFUNCTION("""COMPUTED_VALUE"""),0.0) -> 0 | L31: =IFERROR(__xludf.DUMMYFUNCTION("""COMPUTED_VALUE"""),0.0) -> 0 | M31: =IFERROR(__xludf.DUMMYFUNCTION("""COMPUTED_VALUE"""),0.0) -> 0 | N31: =IFERROR(__xludf.DUMMYFUNCTION("""COMPUTED_VALUE"""),0.0) -> 0 | O31: =IFERROR(__xludf.DUMMYFUNCTION("""COMPUTED_VALUE"""),0.0) -> 0 | P31: =IFERROR(__xludf.DUMMYFUNCTION("""COMPUTED_VALUE"""),0.0) -> 0 | Q31: =IFERROR(__xludf.DUMMYFUNCTION("""COMPUTED_VALUE"""),0.0) -> 0
B32: =IFERROR(__xludf.DUMMYFUNCTION("""COMPUTED_VALUE"""),24.0) -> 24 | D32: =IFERROR(__xludf.DUMMYFUNCTION("""COMPUTED_VALUE"""),"") | E32: =IFERROR(__xludf.DUMMYFUNCTION("""COMPUTED_VALUE"""),0.0) -> 0 | H32: =IFERROR(__xludf.DUMMYFUNCTION("""COMPUTED_VALUE"""),0.0) -> 0 | K32: =IFERROR(__xludf.DUMMYFUNCTION("""COMPUTED_VALUE"""),0.0) -> 0 | L32: =IFERROR(__xludf.DUMMYFUNCTION("""COMPUTED_VALUE"""),0.0) -> 0 | M32: =IFERROR(__xludf.DUMMYFUNCTION("""COMPUTED_VALUE"""),0.0) -> 0 | N32: =IFERROR(__xludf.DUMMYFUNCTION("""COMPUTED_VALUE"""),0.0) -> 0 | O32: =IFERROR(__xludf.DUMMYFUNCTION("""COMPUTED_VALUE"""),0.0) -> 0 | P32: =IFERROR(__xludf.DUMMYFUNCTION("""COMPUTED_VALUE"""),0.0) -> 0 | Q32: =IFERROR(__xludf.DUMMYFUNCTION("""COMPUTED_VALUE"""),0.0) -> 0
B33: =IFERROR(__xludf.DUMMYFUNCTION("""COMPUTED_VALUE"""),25.0) -> 25 | D33: =IFERROR(__xludf.DUMMYFUNCTION("""COMPUTED_VALUE"""),"") | E33: =IFERROR(__xludf.DUMMYFUNCTION("""COMPUTED_VALUE"""),0.0) -> 0 | H33: =IFERROR(__xludf.DUMMYFUNCTION("""COMPUTED_VALUE"""),0.0) -> 0 | K33: =IFERROR(__xludf.DUMMYFUNCTION("""COMPUTED_VALUE"""),0.0) -> 0 | L33: =IFERROR(__xludf.DUMMYFUNCTION("""COMPUTED_VALUE"""),0.0) -> 0 | M33: =IFERROR(__xludf.DUMMYFUNCTION("""COMPUTED_VALUE"""),0.0) -> 0 | N33: =IFERROR(__xludf.DUMMYFUNCTION("""COMPUTED_VALUE"""),0.0) -> 0 | O33: =IFERROR(__xludf.DUMMYFUNCTION("""COMPUTED_VALUE"""),0.0) -> 0 | P33: =IFERROR(__xludf.DUMMYFUNCTION("""COMPUTED_VALUE"""),0.0) -> 0 | Q33: =IFERROR(__xludf.DUMMYFUNCTION("""COMPUTED_VALUE"""),0.0) -> 0
B34: =IFERROR(__xludf.DUMMYFUNCTION("""COMPUTED_VALUE"""),26.0) -> 26 | D34: =IFERROR(__xludf.DUMMYFUNCTION("""COMPUTED_VALUE"""),"") | E34: =IFERROR(__xludf.DUMMYFUNCTION("""COMPUTED_VALUE"""),0.0) -> 0 | H34: =IFERROR(__xludf.DUMMYFUNCTION("""COMPUTED_VALUE"""),0.0) -> 0 | K34: =IFERROR(__xludf.DUMMYFUNCTION("""COMPUTED_VALUE"""),0.0) -> 0 | L34: =IFERROR(__xludf.DUMMYFUNCTION("""COMPUTED_VALUE"""),0.0) -> 0 | M34: =IFERROR(__xludf.DUMMYFUNCTION("""COMPUTED_VALUE"""),0.0) -> 0 | N34: =IFERROR(__xludf.DUMMYFUNCTION("""COMPUTED_VALUE"""),0.0) -> 0 | O34: =IFERROR(__xludf.DUMMYFUNCTION("""COMPUTED_VALUE"""),0.0) -> 0 | P34: =IFERROR(__xludf.DUMMYFUNCTION("""COMPUTED_VALUE"""),0.0) -> 0 | Q34: =IFERROR(__xludf.DUMMYFUNCTION("""COMPUTED_VALUE"""),0.0) -> 0
B35: =IFERROR(__xludf.DUMMYFUNCTION("""COMPUTED_VALUE"""),27.0) -> 27 | D35: =IFERROR(__xludf.DUMMYFUNCTION("""COMPUTED_VALUE"""),"") | E35: =IFERROR(__xludf.DUMMYFUNCTION("""COMPUTED_VALUE"""),0.0) -> 0 | H35: =IFERROR(__xludf.DUMMYFUNCTION("""COMPUTED_VALUE"""),0.0) -> 0 | K35: =IFERROR(__xludf.DUMMYFUNCTION("""COMPUTED_VALUE"""),0.0) -> 0 | L35: =IFERROR(__xludf.DUMMYFUNCTION("""COMPUTED_VALUE"""),0.0) -> 0 | M35: =IFERROR(__xludf.DUMMYFUNCTION("""COMPUTED_VALUE"""),0.0) -> 0 | N35: =IFERROR(__xludf.DUMMYFUNCTION("""COMPUTED_VALUE"""),0.0) -> 0 | O35: =IFERROR(__xludf.DUMMYFUNCTION("""COMPUTED_VALUE"""),0.0) -> 0 | P35: =IFERROR(__xludf.DUMMYFUNCTION("""COMPUTED_VALUE"""),0.0) -> 0 | Q35: =IFERROR(__xludf.DUMMYFUNCTION("""COMPUTED_VALUE"""),0.0) -> 0
B36: =IFERROR(__xludf.DUMMYFUNCTION("""COMPUTED_VALUE"""),28.0) -> 28 | D36: =IFERROR(__xludf.DUMMYFUNCTION("""COMPUTED_VALUE"""),"") | E36: =IFERROR(__xludf.DUMMYFUNCTION("""COMPUTED_VALUE"""),0.0) -> 0 | H36: =IFERROR(__xludf.DUMMYFUNCTION("""COMPUTED_VALUE"""),0.0) -> 0 | K36: =IFERROR(__xludf.DUMMYFUNCTION("""COMPUTED_VALUE"""),0.0) -> 0 | L36: =IFERROR(__xludf.DUMMYFUNCTION("""COMPUTED_VALUE"""),0.0) -> 0 | M36: =IFERROR(__xludf.DUMMYFUNCTION("""COMPUTED_VALUE"""),0.0) -> 0 | N36: =IFERROR(__xludf.DUMMYFUNCTION("""COMPUTED_VALUE"""),0.0) -> 0 | O36: =IFERROR(__xludf.DUMMYFUNCTION("""COMPUTED_VALUE"""),0.0) -> 0 | P36: =IFERROR(__xludf.DUMMYFUNCTION("""COMPUTED_VALUE"""),0.0) -> 0 | Q36: =IFERROR(__xludf.DUMMYFUNCTION("""COMPUTED_VALUE"""),0.0) -> 0
B37: =IFERROR(__xludf.DUMMYFUNCTION("""COMPUTED_VALUE"""),29.0) -> 29 | D37: =IFERROR(__xludf.DUMMYFUNCTION("""COMPUTED_VALUE"""),"") | E37: =IFERROR(__xludf.DUMMYFUNCTION("""COMPUTED_VALUE"""),0.0) -> 0 | H37: =IFERROR(__xludf.DUMMYFUNCTION("""COMPUTED_VALUE"""),0.0) -> 0 | K37: =IFERROR(__xludf.DUMMYFUNCTION("""COMPUTED_VALUE"""),0.0) -> 0 | L37: =IFERROR(__xludf.DUMMYFUNCTION("""COMPUTED_VALUE"""),0.0) -> 0 | M37: =IFERROR(__xludf.DUMMYFUNCTION("""COMPUTED_VALUE"""),0.0) -> 0 | N37: =IFERROR(__xludf.DUMMYFUNCTION("""COMPUTED_VALUE"""),0.0) -> 0 | O37: =IFERROR(__xludf.DUMMYFUNCTION("""COMPUTED_VALUE"""),0.0) -> 0 | P37: =IFERROR(__xludf.DUMMYFUNCTION("""COMPUTED_VALUE"""),0.0) -> 0 | Q37: =IFERROR(__xludf.DUMMYFUNCTION("""COMPUTED_VALUE"""),0.0) -> 0
B38: =IFERROR(__xludf.DUMMYFUNCTION("""COMPUTED_VALUE"""),30.0) -> 30 | D38: =IFERROR(__xludf.DUMMYFUNCTION("""COMPUTED_VALUE"""),"") | E38: =IFERROR(__xludf.DUMMYFUNCTION("""COMPUTED_VALUE"""),0.0) -> 0 | H38: =IFERROR(__xludf.DUMMYFUNCTION("""COMPUTED_VALUE"""),0.0) -> 0 | K38: =IFERROR(__xludf.DUMMYFUNCTION("""COMPUTED_VALUE"""),0.0) -> 0 | L38: =IFERROR(__xludf.DUMMYFUNCTION("""COMPUTED_VALUE"""),0.0) -> 0 | M38: =IFERROR(__xludf.DUMMYFUNCTION("""COMPUTED_VALUE"""),0.0) -> 0 | N38: =IFERROR(__xludf.DUMMYFUNCTION("""COMPUTED_VALUE"""),0.0) -> 0 | O38: =IFERROR(__xludf.DUMMYFUNCTION("""COMPUTED_VALUE"""),0.0) -> 0 | P38: =IFERROR(__xludf.DUMMYFUNCTION("""COMPUTED_VALUE"""),0.0) -> 0 | Q38: =IFERROR(__xludf.DUMMYFUNCTION("""COMPUTED_VALUE"""),0.0) -> 0
B39: =IFERROR(__xludf.DUMMYFUNCTION("""COMPUTED_VALUE"""),31.0) -> 31 | D39: =IFERROR(__xludf.DUMMYFUNCTION("""COMPUTED_VALUE"""),"") | E39: =IFERROR(__xludf.DUMMYFUNCTION("""COMPUTED_VALUE"""),0.0) -> 0 | H39: =IFERROR(__xludf.DUMMYFUNCTION("""COMPUTED_VALUE"""),0.0) -> 0 | K39: =IFERROR(__xludf.DUMMYFUNCTION("""COMPUTED_VALUE"""),0.0) -> 0 | L39: =IFERROR(__xludf.DUMMYFUNCTION("""COMPUTED_VALUE"""),0.0) -> 0 | M39: =IFERROR(__xludf.DUMMYFUNCTION("""COMPUTED_VALUE"""),0.0) -> 0 | N39: =IFERROR(__xludf.DUMMYFUNCTION("""COMPUTED_VALUE"""),0.0) -> 0 | O39: =IFERROR(__xludf.DUMMYFUNCTION("""COMPUTED_VALUE"""),0.0) -> 0 | P39: =IFERROR(__xludf.DUMMYFUNCTION("""COMPUTED_VALUE"""),0.0) -> 0 | Q39: =IFERROR(__xludf.DUMMYFUNCTION("""COMPUTED_VALUE"""),0.0) -> 0
B40: =IFERROR(__xludf.DUMMYFUNCTION("""COMPUTED_VALUE"""),32.0) -> 32 | D40: =IFERROR(__xludf.DUMMYFUNCTION("""COMPUTED_VALUE"""),"") | E40: =IFERROR(__xludf.DUMMYFUNCTION("""COMPUTED_VALUE"""),0.0) -> 0 | H40: =IFERROR(__xludf.DUMMYFUNCTION("""COMPUTED_VALUE"""),0.0) -> 0 | K40: =IFERROR(__xludf.DUMMYFUNCTION("""COMPUTED_VALUE"""),0.0) -> 0 | L40: =IFERROR(__xludf.DUMMYFUNCTION("""COMPUTED_VALUE"""),0.0) -> 0 | M40: =IFERROR(__xludf.DUMMYFUNCTION("""COMPUTED_VALUE"""),0.0) -> 0 | N40: =IFERROR(__xludf.DUMMYFUNCTION("""COMPUTED_VALUE"""),0.0) -> 0 | O40: =IFERROR(__xludf.DUMMYFUNCTION("""COMPUTED_VALUE"""),0.0) -> 0 | P40: =IFERROR(__xludf.DUMMYFUNCTION("""COMPUTED_VALUE"""),0.0) -> 0 | Q40: =IFERROR(__xludf.DUMMYFUNCTION("""COMPUTED_VALUE"""),0.0) -> 0
B41: =IFERROR(__xludf.DUMMYFUNCTION("""COMPUTED_VALUE"""),33.0) -> 33 | D41: =IFERROR(__xludf.DUMMYFUNCTION("""COMPUTED_VALUE"""),"") | E41: =IFERROR(__xludf.DUMMYFUNCTION("""COMPUTED_VALUE"""),0.0) -> 0 | H41: =IFERROR(__xludf.DUMMYFUNCTION("""COMPUTED_VALUE"""),0.0) -> 0 | K41: =IFERROR(__xludf.DUMMYFUNCTION("""COMPUTED_VALUE"""),0.0) -> 0 | L41: =IFERROR(__xludf.DUMMYFUNCTION("""COMPUTED_VALUE"""),0.0) -> 0 | M41: =IFERROR(__xludf.DUMMYFUNCTION("""COMPUTED_VALUE"""),0.0) -> 0 | N41: =IFERROR(__xludf.DUMMYFUNCTION("""COMPUTED_VALUE"""),0.0) -> 0 | O41: =IFERROR(__xludf.DUMMYFUNCTION("""COMPUTED_VALUE"""),0.0) -> 0 | P41: =IFERROR(__xludf.DUMMYFUNCTION("""COMPUTED_VALUE"""),0.0) -> 0 | Q41: =IFERROR(__xludf.DUMMYFUNCTION("""COMPUTED_VALUE"""),0.0) -> 0
B42: =IFERROR(__xludf.DUMMYFUNCTION("""COMPUTED_VALUE"""),34.0) -> 34 | D42: =IFERROR(__xludf.DUMMYFUNCTION("""COMPUTED_VALUE"""),"") | E42: =IFERROR(__xludf.DUMMYFUNCTION("""COMPUTED_VALUE"""),0.0) -> 0 | H42: =IFERROR(__xludf.DUMMYFUNCTION("""COMPUTED_VALUE"""),0.0) -> 0 | K42: =IFERROR(__xludf.DUMMYFUNCTION("""COMPUTED_VALUE"""),0.0) -> 0 | L42: =IFERROR(__xludf.DUMMYFUNCTION("""COMPUTED_VALUE"""),0.0) -> 0 | M42: =IFERROR(__xludf.DUMMYFUNCTION("""COMPUTED_VALUE"""),0.0) -> 0 | N42: =IFERROR(__xludf.DUMMYFUNCTION("""COMPUTED_VALUE"""),0.0) -> 0 | O42: =IFERROR(__xludf.DUMMYFUNCTION("""COMPUTED_VALUE"""),0.0) -> 0 | P42: =IFERROR(__xludf.DUMMYFUNCTION("""COMPUTED_VALUE"""),0.0) -> 0 | Q42: =IFERROR(__xludf.DUMMYFUNCTION("""COMPUTED_VALUE"""),0.0) -> 0
B43: =IFERROR(__xludf.DUMMYFUNCTION("""COMPUTED_VALUE"""),35.0) -> 35 | D43: =IFERROR(__xludf.DUMMYFUNCTION("""COMPUTED_VALUE"""),"") | E43: =IFERROR(__xludf.DUMMYFUNCTION("""COMPUTED_VALUE"""),0.0) -> 0 | H43: =IFERROR(__xludf.DUMMYFUNCTION("""COMPUTED_VALUE"""),0.0) -> 0 | K43: =IFERROR(__xludf.DUMMYFUNCTION("""COMPUTED_VALUE"""),0.0) -> 0 | L43: =IFERROR(__xludf.DUMMYFUNCTION("""COMPUTED_VALUE"""),0.0) -> 0 | M43: =IFERROR(__xludf.DUMMYFUNCTION("""COMPUTED_VALUE"""),0.0) -> 0 | N43: =IFERROR(__xludf.DUMMYFUNCTION("""COMPUTED_VALUE"""),0.0) -> 0 | O43: =IFERROR(__xludf.DUMMYFUNCTION("""COMPUTED_VALUE"""),0.0) -> 0 | P43: =IFERROR(__xludf.DUMMYFUNCTION("""COMPUTED_VALUE"""),0.0) -> 0 | Q43: =IFERROR(__xludf.DUMMYFUNCTION("""COMPUTED_VALUE"""),0.0) -> 0
B44: =IFERROR(__xludf.DUMMYFUNCTION("""COMPUTED_VALUE"""),36.0) -> 36 | D44: =IFERROR(__xludf.DUMMYFUNCTION("""COMPUTED_VALUE"""),"") | E44: =IFERROR(__xludf.DUMMYFUNCTION("""COMPUTED_VALUE"""),0.0) -> 0 | H44: =IFERROR(__xludf.DUMMYFUNCTION("""COMPUTED_VALUE"""),0.0) -> 0 | K44: =IFERROR(__xludf.DUMMYFUNCTION("""COMPUTED_VALUE"""),0.0) -> 0 | L44: =IFERROR(__xludf.DUMMYFUNCTION("""COMPUTED_VALUE"""),0.0) -> 0 | M44: =IFERROR(__xludf.DUMMYFUNCTION("""COMPUTED_VALUE"""),0.0) -> 0 | N44: =IFERROR(__xludf.DUMMYFUNCTION("""COMPUTED_VALUE"""),0.0) -> 0 | O44: =IFERROR(__xludf.DUMMYFUNCTION("""COMPUTED_VALUE"""),0.0) -> 0 | P44: =IFERROR(__xludf.DUMMYFUNCTION("""COMPUTED_VALUE"""),0.0) -> 0 | Q44: =IFERROR(__xludf.DUMMYFUNCTION("""COMPUTED_VALUE"""),0.0) -> 0
B45: =IFERROR(__xludf.DUMMYFUNCTION("""COMPUTED_VALUE"""),37.0) -> 37 | D45: =IFERROR(__xludf.DUMMYFUNCTION("""COMPUTED_VALUE"""),"") | E45: =IFERROR(__xludf.DUMMYFUNCTION("""COMPUTED_VALUE"""),0.0) -> 0 | H45: =IFERROR(__xludf.DUMMYFUNCTION("""COMPUTED_VALUE"""),0.0) -> 0 | K45: =IFERROR(__xludf.DUMMYFUNCTION("""COMPUTED_VALUE"""),0.0) -> 0 | L45: =IFERROR(__xludf.DUMMYFUNCTION("""COMPUTED_VALUE"""),0.0) -> 0 | M45: =IFERROR(__xludf.DUMMYFUNCTION("""COMPUTED_VALUE"""),0.0) -> 0 | N45: =IFERROR(__xludf.DUMMYFUNCTION("""COMPUTED_VALUE"""),0.0) -> 0 | O45: =IFERROR(__xludf.DUMMYFUNCTION("""COMPUTED_VALUE"""),0.0) -> 0 | P45: =IFERROR(__xludf.DUMMYFUNCTION("""COMPUTED_VALUE"""),0.0) -> 0 | Q45: =IFERROR(__xludf.DUMMYFUNCTION("""COMPUTED_VALUE"""),0.0) -> 0
B46: =IFERROR(__xludf.DUMMYFUNCTION("""COMPUTED_VALUE"""),38.0) -> 38 | D46: =IFERROR(__xludf.DUMMYFUNCTION("""COMPUTED_VALUE"""),"") | E46: =IFERROR(__xludf.DUMMYFUNCTION("""COMPUTED_VALUE"""),0.0) -> 0 | H46: =IFERROR(__xludf.DUMMYFUNCTION("""COMPUTED_VALUE"""),0.0) -> 0 | K46: =IFERROR(__xludf.DUMMYFUNCTION("""COMPUTED_VALUE"""),0.0) -> 0 | L46: =IFERROR(__xludf.DUMMYFUNCTION("""COMPUTED_VALUE"""),0.0) -> 0 | M46: =IFERROR(__xludf.DUMMYFUNCTION("""COMPUTED_VALUE"""),0.0) -> 0 | N46: =IFERROR(__xludf.DUMMYFUNCTION("""COMPUTED_VALUE"""),0.0) -> 0 | O46: =IFERROR(__xludf.DUMMYFUNCTION("""COMPUTED_VALUE"""),0.0) -> 0 | P46: =IFERROR(__xludf.DUMMYFUNCTION("""COMPUTED_VALUE"""),0.0) -> 0 | Q46: =IFERROR(__xludf.DUMMYFUNCTION("""COMPUTED_VALUE"""),0.0) -> 0
B47: =IFERROR(__xludf.DUMMYFUNCTION("""COMPUTED_VALUE"""),39.0) -> 39 | D47: =IFERROR(__xludf.DUMMYFUNCTION("""COMPUTED_VALUE"""),"") | E47: =IFERROR(__xludf.DUMMYFUNCTION("""COMPUTED_VALUE"""),0.0) -> 0 | H47: =IFERROR(__xludf.DUMMYFUNCTION("""COMPUTED_VALUE"""),0.0) -> 0 | K47: =IFERROR(__xludf.DUMMYFUNCTION("""COMPUTED_VALUE"""),0.0) -> 0 | L47: =IFERROR(__xludf.DUMMYFUNCTION("""COMPUTED_VALUE"""),0.0) -> 0 | M47: =IFERROR(__xludf.DUMMYFUNCTION("""COMPUTED_VALUE"""),0.0) -> 0 | N47: =IFERROR(__xludf.DUMMYFUNCTION("""COMPUTED_VALUE"""),0.0) -> 0 | O47: =IFERROR(__xludf.DUMMYFUNCTION("""COMPUTED_VALUE"""),0.0) -> 0 | P47: =IFERROR(__xludf.DUMMYFUNCTION("""COMPUTED_VALUE"""),0.0) -> 0 | Q47: =IFERROR(__xludf.DUMMYFUNCTION("""COMPUTED_VALUE"""),0.0) -> 0
B48: =IFERROR(__xludf.DUMMYFUNCTION("""COMPUTED_VALUE"""),40.0) -> 40 | D48: =IFERROR(__xludf.DUMMYFUNCTION("""COMPUTED_VALUE"""),"") | E48: =IFERROR(__xludf.DUMMYFUNCTION("""COMPUTED_VALUE"""),0.0) -> 0 | H48: =IFERROR(__xludf.DUMMYFUNCTION("""COMPUTED_VALUE"""),0.0) -> 0 | K48: =IFERROR(__xludf.DUMMYFUNCTION("""COMPUTED_VALUE"""),0.0) -> 0 | L48: =IFERROR(__xludf.DUMMYFUNCTION("""COMPUTED_VALUE"""),0.0) -> 0 | M48: =IFERROR(__xludf.DUMMYFUNCTION("""COMPUTED_VALUE"""),0.0) -> 0 | N48: =IFERROR(__xludf.DUMMYFUNCTION("""COMPUTED_VALUE"""),0.0) -> 0 | O48: =IFERROR(__xludf.DUMMYFUNCTION("""COMPUTED_VALUE"""),0.0) -> 0 | P48: =IFERROR(__xludf.DUMMYFUNCTION("""COMPUTED_VALUE"""),0.0) -> 0 | Q48: =IFERROR(__xludf.DUMMYFUNCTION("""COMPUTED_VALUE"""),0.0) -> 0
B49: =IFERROR(__xludf.DUMMYFUNCTION("""COMPUTED_VALUE"""),41.0) -> 41 | D49: =IFERROR(__xludf.DUMMYFUNCTION("""COMPUTED_VALUE"""),"") | E49: =IFERROR(__xludf.DUMMYFUNCTION("""COMPUTED_VALUE"""),0.0) -> 0 | H49: =IFERROR(__xludf.DUMMYFUNCTION("""COMPUTED_VALUE"""),0.0) -> 0 | K49: =IFERROR(__xludf.DUMMYFUNCTION("""COMPUTED_VALUE"""),0.0) -> 0 | L49: =IFERROR(__xludf.DUMMYFUNCTION("""COMPUTED_VALUE"""),0.0) -> 0 | M49: =IFERROR(__xludf.DUMMYFUNCTION("""COMPUTED_VALUE"""),0.0) -> 0 | N49: =IFERROR(__xludf.DUMMYFUNCTION("""COMPUTED_VALUE"""),0.0) -> 0 | O49: =IFERROR(__xludf.DUMMYFUNCTION("""COMPUTED_VALUE"""),0.0) -> 0 | P49: =IFERROR(__xludf.DUMMYFUNCTION("""COMPUTED_VALUE"""),0.0) -> 0 | Q49: =IFERROR(__xludf.DUMMYFUNCTION("""COMPUTED_VALUE"""),0.0) -> 0
B50: =IFERROR(__xludf.DUMMYFUNCTION("""COMPUTED_VALUE"""),42.0) -> 42 | D50: =IFERROR(__xludf.DUMMYFUNCTION("""COMPUTED_VALUE"""),"") | E50: =IFERROR(__xludf.DUMMYFUNCTION("""COMPUTED_VALUE"""),0.0) -> 0 | H50: =IFERROR(__xludf.DUMMYFUNCTION("""COMPUTED_VALUE"""),0.0) -> 0 | K50: =IFERROR(__xludf.DUMMYFUNCTION("""COMPUTED_VALUE"""),0.0) -> 0 | L50: =IFERROR(__xludf.DUMMYFUNCTION("""COMPUTED_VALUE"""),0.0) -> 0 | M50: =IFERROR(__xludf.DUMMYFUNCTION("""COMPUTED_VALUE"""),0.0) -> 0 | N50: =IFERROR(__xludf.DUMMYFUNCTION("""COMPUTED_VALUE"""),0.0) -> 0 | O50: =IFERROR(__xludf.DUMMYFUNCTION("""COMPUTED_VALUE"""),0.0) -> 0 | P50: =IFERROR(__xludf.DUMMYFUNCTION("""COMPUTED_VALUE"""),0.0) -> 0 | Q50: =IFERROR(__xludf.DUMMYFUNCTION("""COMPUTED_VALUE"""),0.0) -> 0
B51: =IFERROR(__xludf.DUMMYFUNCTION("""COMPUTED_VALUE"""),43.0) -> 43 | D51: =IFERROR(__xludf.DUMMYFUNCTION("""COMPUTED_VALUE"""),"") | E51: =IFERROR(__xludf.DUMMYFUNCTION("""COMPUTED_VALUE"""),0.0) -> 0 | H51: =IFERROR(__xludf.DUMMYFUNCTION("""COMPUTED_VALUE"""),0.0) -> 0 | K51: =IFERROR(__xludf.DUMMYFUNCTION("""COMPUTED_VALUE"""),0.0) -> 0 | L51: =IFERROR(__xludf.DUMMYFUNCTION("""COMPUTED_VALUE"""),0.0) -> 0 | M51: =IFERROR(__xludf.DUMMYFUNCTION("""COMPUTED_VALUE"""),0.0) -> 0 | N51: =IFERROR(__xludf.DUMMYFUNCTION("""COMPUTED_VALUE"""),0.0) -> 0 | O51: =IFERROR(__xludf.DUMMYFUNCTION("""COMPUTED_VALUE"""),0.0) -> 0 | P51: =IFERROR(__xludf.DUMMYFUNCTION("""COMPUTED_VALUE"""),0.0) -> 0 | Q51: =IFERROR(__xludf.DUMMYFUNCTION("""COMPUTED_VALUE"""),0.0) -> 0
B52: =IFERROR(__xludf.DUMMYFUNCTION("""COMPUTED_VALUE"""),44.0) -> 44 | D52: =IFERROR(__xludf.DUMMYFUNCTION("""COMPUTED_VALUE"""),"") | E52: =IFERROR(__xludf.DUMMYFUNCTION("""COMPUTED_VALUE"""),0.0) -> 0 | H52: =IFERROR(__xludf.DUMMYFUNCTION("""COMPUTED_VALUE"""),0.0) -> 0 | K52: =IFERROR(__xludf.DUMMYFUNCTION("""COMPUTED_VALUE"""),0.0) -> 0 | L52: =IFERROR(__xludf.DUMMYFUNCTION("""COMPUTED_VALUE"""),0.0) -> 0 | M52: =IFERROR(__xludf.DUMMYFUNCTION("""COMPUTED_VALUE"""),0.0) -> 0 | N52: =IFERROR(__xludf.DUMMYFUNCTION("""COMPUTED_VALUE"""),0.0) -> 0 | O52: =IFERROR(__xludf.DUMMYFUNCTION("""COMPUTED_VALUE"""),0.0) -> 0 | P52: =IFERROR(__xludf.DUMMYFUNCTION("""COMPUTED_VALUE"""),0.0) -> 0 | Q52: =IFERROR(__xludf.DUMMYFUNCTION("""COMPUTED_VALUE"""),0.0) -> 0
B53: =IFERROR(__xludf.DUMMYFUNCTION("""COMPUTED_VALUE"""),45.0) -> 45 | D53: =IFERROR(__xludf.DUMMYFUNCTION("""COMPUTED_VALUE"""),"") | E53: =IFERROR(__xludf.DUMMYFUNCTION("""COMPUTED_VALUE"""),0.0) -> 0 | H53: =IFERROR(__xludf.DUMMYFUNCTION("""COMPUTED_VALUE"""),0.0) -> 0 | K53: =IFERROR(__xludf.DUMMYFUNCTION("""COMPUTED_VALUE"""),0.0) -> 0 | L53: =IFERROR(__xludf.DUMMYFUNCTION("""COMPUTED_VALUE"""),0.0) -> 0 | M53: =IFERROR(__xludf.DUMMYFUNCTION("""COMPUTED_VALUE"""),0.0) -> 0 | N53: =IFERROR(__xludf.DUMMYFUNCTION("""COMPUTED_VALUE"""),0.0) -> 0 | O53: =IFERROR(__xludf.DUMMYFUNCTION("""COMPUTED_VALUE"""),0.0) -> 0 | P53: =IFERROR(__xludf.DUMMYFUNCTION("""COMPUTED_VALUE"""),0.0) -> 0 | Q53: =IFERROR(__xludf.DUMMYFUNCTION("""COMPUTED_VALUE"""),0.0) -> 0
B54: =IFERROR(__xludf.DUMMYFUNCTION("""COMPUTED_VALUE"""),46.0) -> 46 | D54: =IFERROR(__xludf.DUMMYFUNCTION("""COMPUTED_VALUE"""),"") | E54: =IFERROR(__xludf.DUMMYFUNCTION("""COMPUTED_VALUE"""),0.0) -> 0 | H54: =IFERROR(__xludf.DUMMYFUNCTION("""COMPUTED_VALUE"""),0.0) -> 0 | K54: =IFERROR(__xludf.DUMMYFUNCTION("""COMPUTED_VALUE"""),0.0) -> 0 | L54: =IFERROR(__xludf.DUMMYFUNCTION("""COMPUTED_VALUE"""),0.0) -> 0 | M54: =IFERROR(__xludf.DUMMYFUNCTION("""COMPUTED_VALUE"""),0.0) -> 0 | N54: =IFERROR(__xludf.DUMMYFUNCTION("""COMPUTED_VALUE"""),0.0) -> 0 | O54: =IFERROR(__xludf.DUMMYFUNCTION("""COMPUTED_VALUE"""),0.0) -> 0 | P54: =IFERROR(__xludf.DUMMYFUNCTION("""COMPUTED_VALUE"""),0.0) -> 0 | Q54: =IFERROR(__xludf.DUMMYFUNCTION("""COMPUTED_VALUE"""),0.0) -> 0
B55: =IFERROR(__xludf.DUMMYFUNCTION("""COMPUTED_VALUE"""),47.0) -> 47 | D55: =IFERROR(__xludf.DUMMYFUNCTION("""COMPUTED_VALUE"""),"") | E55: =IFERROR(__xludf.DUMMYFUNCTION("""COMPUTED_VALUE"""),0.0) -> 0 | H55: =IFERROR(__xludf.DUMMYFUNCTION("""COMPUTED_VALUE"""),0.0) -> 0 | K55: =IFERROR(__xludf.DUMMYFUNCTION("""COMPUTED_VALUE"""),0.0) -> 0 | L55: =IFERROR(__xludf.DUMMYFUNCTION("""COMPUTED_VALUE"""),0.0) -> 0 | M55: =IFERROR(__xludf.DUMMYFUNCTION("""COMPUTED_VALUE"""),0.0) -> 0 | N55: =IFERROR(__xludf.DUMMYFUNCTION("""COMPUTED_VALUE"""),0.0) -> 0 | O55: =IFERROR(__xludf.DUMMYFUNCTION("""COMPUTED_VALUE"""),0.0) -> 0 | P55: =IFERROR(__xludf.DUMMYFUNCTION("""COMPUTED_VALUE"""),0.0) -> 0 | Q55: =IFERROR(__xludf.DUMMYFUNCTION("""COMPUTED_VALUE"""),0.0) -> 0
B56: =IFERROR(__xludf.DUMMYFUNCTION("""COMPUTED_VALUE"""),48.0) -> 48 | D56: =IFERROR(__xludf.DUMMYFUNCTION("""COMPUTED_VALUE"""),"") | E56: =IFERROR(__xludf.DUMMYFUNCTION("""COMPUTED_VALUE"""),0.0) -> 0 | H56: =IFERROR(__xludf.DUMMYFUNCTION("""COMPUTED_VALUE"""),0.0) -> 0 | K56: =IFERROR(__xludf.DUMMYFUNCTION("""COMPUTED_VALUE"""),0.0) -> 0 | L56: =IFERROR(__xludf.DUMMYFUNCTION("""COMPUTED_VALUE"""),0.0) -> 0 | M56: =IFERROR(__xludf.DUMMYFUNCTION("""COMPUTED_VALUE"""),0.0) -> 0 | N56: =IFERROR(__xludf.DUMMYFUNCTION("""COMPUTED_VALUE"""),0.0) -> 0 | O56: =IFERROR(__xludf.DUMMYFUNCTION("""COMPUTED_VALUE"""),0.0) -> 0 | P56: =IFERROR(__xludf.DUMMYFUNCTION("""COMPUTED_VALUE"""),0.0) -> 0 | Q56: =IFERROR(__xludf.DUMMYFUNCTION("""COMPUTED_VALUE"""),0.0) -> 0
B57: =IFERROR(__xludf.DUMMYFUNCTION("""COMPUTED_VALUE"""),49.0) -> 49 | D57: =IFERROR(__xludf.DUMMYFUNCTION("""COMPUTED_VALUE"""),"") | E57: =IFERROR(__xludf.DUMMYFUNCTION("""COMPUTED_VALUE"""),0.0) -> 0 | H57: =IFERROR(__xludf.DUMMYFUNCTION("""COMPUTED_VALUE"""),0.0) -> 0 | K57: =IFERROR(__xludf.DUMMYFUNCTION("""COMPUTED_VALUE"""),0.0) -> 0 | L57: =IFERROR(__xludf.DUMMYFUNCTION("""COMPUTED_VALUE"""),0.0) -> 0 | M57: =IFERROR(__xludf.DUMMYFUNCTION("""COMPUTED_VALUE"""),0.0) -> 0 | N57: =IFERROR(__xludf.DUMMYFUNCTION("""COMPUTED_VALUE"""),0.0) -> 0 | O57: =IFERROR(__xludf.DUMMYFUNCTION("""COMPUTED_VALUE"""),0.0) -> 0 | P57: =IFERROR(__xludf.DUMMYFUNCTION("""COMPUTED_VALUE"""),0.0) -> 0 | Q57: =IFERROR(__xludf.DUMMYFUNCTION("""COMPUTED_VALUE"""),0.0) -> 0
B58: =IFERROR(__xludf.DUMMYFUNCTION("""COMPUTED_VALUE"""),50.0) -> 50 | D58: =IFERROR(__xludf.DUMMYFUNCTION("""COMPUTED_VALUE"""),"") | E58: =IFERROR(__xludf.DUMMYFUNCTION("""COMPUTED_VALUE"""),0.0) -> 0 | H58: =IFERROR(__xludf.DUMMYFUNCTION("""COMPUTED_VALUE"""),0.0) -> 0 | K58: =IFERROR(__xludf.DUMMYFUNCTION("""COMPUTED_VALUE"""),0.0) -> 0 | L58: =IFERROR(__xludf.DUMMYFUNCTION("""COMPUTED_VALUE"""),0.0) -> 0 | M58: =IFERROR(__xludf.DUMMYFUNCTION("""COMPUTED_VALUE"""),0.0) -> 0 | N58: =IFERROR(__xludf.DUMMYFUNCTION("""COMPUTED_VALUE"""),0.0) -> 0 | O58: =IFERROR(__xludf.DUMMYFUNCTION("""COMPUTED_VALUE"""),0.0) -> 0 | P58: =IFERROR(__xludf.DUMMYFUNCTION("""COMPUTED_VALUE"""),0.0) -> 0 | Q58: =IFERROR(__xludf.DUMMYFUNCTION("""COMPUTED_VALUE"""),0.0) -> 0
B59: =IFERROR(__xludf.DUMMYFUNCTION("""COMPUTED_VALUE"""),51.0) -> 51 | D59: =IFERROR(__xludf.DUMMYFUNCTION("""COMPUTED_VALUE"""),"") | E59: =IFERROR(__xludf.DUMMYFUNCTION("""COMPUTED_VALUE"""),0.0) -> 0 | H59: =IFERROR(__xludf.DUMMYFUNCTION("""COMPUTED_VALUE"""),0.0) -> 0 | K59: =IFERROR(__xludf.DUMMYFUNCTION("""COMPUTED_VALUE"""),0.0) -> 0 | L59: =IFERROR(__xludf.DUMMYFUNCTION("""COMPUTED_VALUE"""),0.0) -> 0 | M59: =IFERROR(__xludf.DUMMYFUNCTION("""COMPUTED_VALUE"""),0.0) -> 0 | N59: =IFERROR(__xludf.DUMMYFUNCTION("""COMPUTED_VALUE"""),0.0) -> 0 | O59: =IFERROR(__xludf.DUMMYFUNCTION("""COMPUTED_VALUE"""),0.0) -> 0 | P59: =IFERROR(__xludf.DUMMYFUNCTION("""COMPUTED_VALUE"""),0.0) -> 0 | Q59: =IFERROR(__xludf.DUMMYFUNCTION("""COMPUTED_VALUE"""),0.0) -> 0
B60: =IFERROR(__xludf.DUMMYFUNCTION("""COMPUTED_VALUE"""),52.0) -> 52 | D60: =IFERROR(__xludf.DUMMYFUNCTION("""COMPUTED_VALUE"""),"") | E60: =IFERROR(__xludf.DUMMYFUNCTION("""COMPUTED_VALUE"""),0.0) -> 0 | H60: =IFERROR(__xludf.DUMMYFUNCTION("""COMPUTED_VALUE"""),0.0) -> 0 | K60: =IFERROR(__xludf.DUMMYFUNCTION("""COMPUTED_VALUE"""),0.0) -> 0 | L60: =IFERROR(__xludf.DUMMYFUNCTION("""COMPUTED_VALUE"""),0.0) -> 0 | M60: =IFERROR(__xludf.DUMMYFUNCTION("""COMPUTED_VALUE"""),0.0) -> 0 | N60: =IFERROR(__xludf.DUMMYFUNCTION("""COMPUTED_VALUE"""),0.0) -> 0 | O60: =IFERROR(__xludf.DUMMYFUNCTION("""COMPUTED_VALUE"""),0.0) -> 0 | P60: =IFERROR(__xludf.DUMMYFUNCTION("""COMPUTED_VALUE"""),0.0) -> 0 | Q60: =IFERROR(__xludf.DUMMYFUNCTION("""COMPUTED_VALUE"""),0.0) -> 0
B61: =IFERROR(__xludf.DUMMYFUNCTION("""COMPUTED_VALUE"""),53.0) -> 53 | D61: =IFERROR(__xludf.DUMMYFUNCTION("""COMPUTED_VALUE"""),"") | E61: =IFERROR(__xludf.DUMMYFUNCTION("""COMPUTED_VALUE"""),0.0) -> 0 | H61: =IFERROR(__xludf.DUMMYFUNCTION("""COMPUTED_VALUE"""),0.0) -> 0 | K61: =IFERROR(__xludf.DUMMYFUNCTION("""COMPUTED_VALUE"""),0.0) -> 0 | L61: =IFERROR(__xludf.DUMMYFUNCTION("""COMPUTED_VALUE"""),0.0) -> 0 | M61: =IFERROR(__xludf.DUMMYFUNCTION("""COMPUTED_VALUE"""),0.0) -> 0 | N61: =IFERROR(__xludf.DUMMYFUNCTION("""COMPUTED_VALUE"""),0.0) -> 0 | O61: =IFERROR(__xludf.DUMMYFUNCTION("""COMPUTED_VALUE"""),0.0) -> 0 | P61: =IFERROR(__xludf.DUMMYFUNCTION("""COMPUTED_VALUE"""),0.0) -> 0 | Q61: =IFERROR(__xludf.DUMMYFUNCTION("""COMPUTED_VALUE"""),0.0) -> 0
B62: =IFERROR(__xludf.DUMMYFUNCTION("""COMPUTED_VALUE"""),54.0) -> 54 | D62: =IFERROR(__xludf.DUMMYFUNCTION("""COMPUTED_VALUE"""),"") | E62: =IFERROR(__xludf.DUMMYFUNCTION("""COMPUTED_VALUE"""),0.0) -> 0 | H62: =IFERROR(__xludf.DUMMYFUNCTION("""COMPUTED_VALUE"""),0.0) -> 0 | K62: =IFERROR(__xludf.DUMMYFUNCTION("""COMPUTED_VALUE"""),0.0) -> 0 | L62: =IFERROR(__xludf.DUMMYFUNCTION("""COMPUTED_VALUE"""),0.0) -> 0 | M62: =IFERROR(__xludf.DUMMYFUNCTION("""COMPUTED_VALUE"""),0.0) -> 0 | N62: =IFERROR(__xludf.DUMMYFUNCTION("""COMPUTED_VALUE"""),0.0) -> 0 | O62: =IFERROR(__xludf.DUMMYFUNCTION("""COMPUTED_VALUE"""),0.0) -> 0 | P62: =IFERROR(__xludf.DUMMYFUNCTION("""COMPUTED_VALUE"""),0.0) -> 0 | Q62: =IFERROR(__xludf.DUMMYFUNCTION("""COMPUTED_VALUE"""),0.0) -> 0
B63: =IFERROR(__xludf.DUMMYFUNCTION("""COMPUTED_VALUE"""),55.0) -> 55 | D63: =IFERROR(__xludf.DUMMYFUNCTION("""COMPUTED_VALUE"""),"") | E63: =IFERROR(__xludf.DUMMYFUNCTION("""COMPUTED_VALUE"""),0.0) -> 0 | H63: =IFERROR(__xludf.DUMMYFUNCTION("""COMPUTED_VALUE"""),0.0) -> 0 | K63: =IFERROR(__xludf.DUMMYFUNCTION("""COMPUTED_VALUE"""),0.0) -> 0 | L63: =IFERROR(__xludf.DUMMYFUNCTION("""COMPUTED_VALUE"""),0.0) -> 0 | M63: =IFERROR(__xludf.DUMMYFUNCTION("""COMPUTED_VALUE"""),0.0) -> 0 | N63: =IFERROR(__xludf.DUMMYFUNCTION("""COMPUTED_VALUE"""),0.0) -> 0 | O63: =IFERROR(__xludf.DUMMYFUNCTION("""COMPUTED_VALUE"""),0.0) -> 0 | P63: =IFERROR(__xludf.DUMMYFUNCTION("""COMPUTED_VALUE"""),0.0) -> 0 | Q63: =IFERROR(__xludf.DUMMYFUNCTION("""COMPUTED_VALUE"""),0.0) -> 0
B64: =IFERROR(__xludf.DUMMYFUNCTION("""COMPUTED_VALUE"""),56.0) -> 56 | D64: =IFERROR(__xludf.DUMMYFUNCTION("""COMPUTED_VALUE"""),"") | E64: =IFERROR(__xludf.DUMMYFUNCTION("""COMPUTED_VALUE"""),0.0) -> 0 | H64: =IFERROR(__xludf.DUMMYFUNCTION("""COMPUTED_VALUE"""),0.0) -> 0 | K64: =IFERROR(__xludf.DUMMYFUNCTION("""COMPUTED_VALUE"""),0.0) -> 0 | L64: =IFERROR(__xludf.DUMMYFUNCTION("""COMPUTED_VALUE"""),0.0) -> 0 | M64: =IFERROR(__xludf.DUMMYFUNCTION("""COMPUTED_VALUE"""),0.0) -> 0 | N64: =IFERROR(__xludf.DUMMYFUNCTION("""COMPUTED_VALUE"""),0.0) -> 0 | O64: =IFERROR(__xludf.DUMMYFUNCTION("""COMPUTED_VALUE"""),0.0) -> 0 | P64: =IFERROR(__xludf.DUMMYFUNCTION("""COMPUTED_VALUE"""),0.0) -> 0 | Q64: =IFERROR(__xludf.DUMMYFUNCTION("""COMPUTED_VALUE"""),0.0) -> 0
B65: =IFERROR(__xludf.DUMMYFUNCTION("""COMPUTED_VALUE"""),57.0) -> 57 | D65: =IFERROR(__xludf.DUMMYFUNCTION("""COMPUTED_VALUE"""),"") | E65: =IFERROR(__xludf.DUMMYFUNCTION("""COMPUTED_VALUE"""),0.0) -> 0 | H65: =IFERROR(__xludf.DUMMYFUNCTION("""COMPUTED_VALUE"""),0.0) -> 0 | K65: =IFERROR(__xludf.DUMMYFUNCTION("""COMPUTED_VALUE"""),0.0) -> 0 | L65: =IFERROR(__xludf.DUMMYFUNCTION("""COMPUTED_VALUE"""),0.0) -> 0 | M65: =IFERROR(__xludf.DUMMYFUNCTION("""COMPUTED_VALUE"""),0.0) -> 0 | N65: =IFERROR(__xludf.DUMMYFUNCTION("""COMPUTED_VALUE"""),0.0) -> 0 | O65: =IFERROR(__xludf.DUMMYFUNCTION("""COMPUTED_VALUE"""),0.0) -> 0 | P65: =IFERROR(__xludf.DUMMYFUNCTION("""COMPUTED_VALUE"""),0.0) -> 0 | Q65: =IFERROR(__xludf.DUMMYFUNCTION("""COMPUTED_VALUE"""),0.0) -> 0
B66: =IFERROR(__xludf.DUMMYFUNCTION("""COMPUTED_VALUE"""),58.0) -> 58 | D66: =IFERROR(__xludf.DUMMYFUNCTION("""COMPUTED_VALUE"""),"") | E66: =IFERROR(__xludf.DUMMYFUNCTION("""COMPUTED_VALUE"""),0.0) -> 0 | H66: =IFERROR(__xludf.DUMMYFUNCTION("""COMPUTED_VALUE"""),0.0) -> 0 | K66: =IFERROR(__xludf.DUMMYFUNCTION("""COMPUTED_VALUE"""),0.0) -> 0 | L66: =IFERROR(__xludf.DUMMYFUNCTION("""COMPUTED_VALUE"""),0.0) -> 0 | M66: =IFERROR(__xludf.DUMMYFUNCTION("""COMPUTED_VALUE"""),0.0) -> 0 | N66: =IFERROR(__xludf.DUMMYFUNCTION("""COMPUTED_VALUE"""),0.0) -> 0 | O66: =IFERROR(__xludf.DUMMYFUNCTION("""COMPUTED_VALUE"""),0.0) -> 0 | P66: =IFERROR(__xludf.DUMMYFUNCTION("""COMPUTED_VALUE"""),0.0) -> 0 | Q66: =IFERROR(__xludf.DUMMYFUNCTION("""COMPUTED_VALUE"""),0.0) -> 0
B67: =IFERROR(__xludf.DUMMYFUNCTION("""COMPUTED_VALUE"""),59.0) -> 59 | D67: =IFERROR(__xludf.DUMMYFUNCTION("""COMPUTED_VALUE"""),"") | E67: =IFERROR(__xludf.DUMMYFUNCTION("""COMPUTED_VALUE"""),0.0) -> 0 | H67: =IFERROR(__xludf.DUMMYFUNCTION("""COMPUTED_VALUE"""),0.0) -> 0 | K67: =IFERROR(__xludf.DUMMYFUNCTION("""COMPUTED_VALUE"""),0.0) -> 0 | L67: =IFERROR(__xludf.DUMMYFUNCTION("""COMPUTED_VALUE"""),0.0) -> 0 | M67: =IFERROR(__xludf.DUMMYFUNCTION("""COMPUTED_VALUE"""),0.0) -> 0 | N67: =IFERROR(__xludf.DUMMYFUNCTION("""COMPUTED_VALUE"""),0.0) -> 0 | O67: =IFERROR(__xludf.DUMMYFUNCTION("""COMPUTED_VALUE"""),0.0) -> 0 | P67: =IFERROR(__xludf.DUMMYFUNCTION("""COMPUTED_VALUE"""),0.0) -> 0 | Q67: =IFERROR(__xludf.DUMMYFUNCTION("""COMPUTED_VALUE"""),0.0) -> 0
B68: =IFERROR(__xludf.DUMMYFUNCTION("""COMPUTED_VALUE"""),60.0) -> 60 | D68: =IFERROR(__xludf.DUMMYFUNCTION("""COMPUTED_VALUE"""),"") | E68: =IFERROR(__xludf.DUMMYFUNCTION("""COMPUTED_VALUE"""),0.0) -> 0 | H68: =IFERROR(__xludf.DUMMYFUNCTION("""COMPUTED_VALUE"""),0.0) -> 0 | K68: =IFERROR(__xludf.DUMMYFUNCTION("""COMPUTED_VALUE"""),0.0) -> 0 | L68: =IFERROR(__xludf.DUMMYFUNCTION("""COMPUTED_VALUE"""),0.0) -> 0 | M68: =IFERROR(__xludf.DUMMYFUNCTION("""COMPUTED_VALUE"""),0.0) -> 0 | N68: =IFERROR(__xludf.DUMMYFUNCTION("""COMPUTED_VALUE"""),0.0) -> 0 | O68: =IFERROR(__xludf.DUMMYFUNCTION("""COMPUTED_VALUE"""),0.0) -> 0 | P68: =IFERROR(__xludf.DUMMYFUNCTION("""COMPUTED_VALUE"""),0.0) -> 0 | Q68: =IFERROR(__xludf.DUMMYFUNCTION("""COMPUTED_VALUE"""),0.0) -> 0
B69: =IFERROR(__xludf.DUMMYFUNCTION("""COMPUTED_VALUE"""),61.0) -> 61 | D69: =IFERROR(__xludf.DUMMYFUNCTION("""COMPUTED_VALUE"""),"") | E69: =IFERROR(__xludf.DUMMYFUNCTION("""COMPUTED_VALUE"""),0.0) -> 0 | H69: =IFERROR(__xludf.DUMMYFUNCTION("""COMPUTED_VALUE"""),0.0) -> 0 | K69: =IFERROR(__xludf.DUMMYFUNCTION("""COMPUTED_VALUE"""),0.0) -> 0 | L69: =IFERROR(__xludf.DUMMYFUNCTION("""COMPUTED_VALUE"""),0.0) -> 0 | M69: =IFERROR(__xludf.DUMMYFUNCTION("""COMPUTED_VALUE"""),0.0) -> 0 | N69: =IFERROR(__xludf.DUMMYFUNCTION("""COMPUTED_VALUE"""),0.0) -> 0 | O69: =IFERROR(__xludf.DUMMYFUNCTION("""COMPUTED_VALUE"""),0.0) -> 0 | P69: =IFERROR(__xludf.DUMMYFUNCTION("""COMPUTED_VALUE"""),0.0) -> 0 | Q69: =IFERROR(__xludf.DUMMYFUNCTION("""COMPUTED_VALUE"""),0.0) -> 0
B70: =IFERROR(__xludf.DUMMYFUNCTION("""COMPUTED_VALUE"""),62.0) -> 62 | D70: =IFERROR(__xludf.DUMMYFUNCTION("""COMPUTED_VALUE"""),"") | E70: =IFERROR(__xludf.DUMMYFUNCTION("""COMPUTED_VALUE"""),0.0) -> 0 | H70: =IFERROR(__xludf.DUMMYFUNCTION("""COMPUTED_VALUE"""),0.0) -> 0 | K70: =IFERROR(__xludf.DUMMYFUNCTION("""COMPUTED_VALUE"""),0.0) -> 0 | L70: =IFERROR(__xludf.DUMMYFUNCTION("""COMPUTED_VALUE"""),0.0) -> 0 | M70: =IFERROR(__xludf.DUMMYFUNCTION("""COMPUTED_VALUE"""),0.0) -> 0 | N70: =IFERROR(__xludf.DUMMYFUNCTION("""COMPUTED_VALUE"""),0.0) -> 0 | O70: =IFERROR(__xludf.DUMMYFUNCTION("""COMPUTED_VALUE"""),0.0) -> 0 | P70: =IFERROR(__xludf.DUMMYFUNCTION("""COMPUTED_VALUE"""),0.0) -> 0 | Q70: =IFERROR(__xludf.DUMMYFUNCTION("""COMPUTED_VALUE"""),0.0) -> 0
B71: =IFERROR(__xludf.DUMMYFUNCTION("""COMPUTED_VALUE"""),63.0) -> 63 | D71: =IFERROR(__xludf.DUMMYFUNCTION("""COMPUTED_VALUE"""),"") | E71: =IFERROR(__xludf.DUMMYFUNCTION("""COMPUTED_VALUE"""),0.0) -> 0 | H71: =IFERROR(__xludf.DUMMYFUNCTION("""COMPUTED_VALUE"""),0.0) -> 0 | K71: =IFERROR(__xludf.DUMMYFUNCTION("""COMPUTED_VALUE"""),0.0) -> 0 | L71: =IFERROR(__xludf.DUMMYFUNCTION("""COMPUTED_VALUE"""),0.0) -> 0 | M71: =IFERROR(__xludf.DUMMYFUNCTION("""COMPUTED_VALUE"""),0.0) -> 0 | N71: =IFERROR(__xludf.DUMMYFUNCTION("""COMPUTED_VALUE"""),0.0) -> 0 | O71: =IFERROR(__xludf.DUMMYFUNCTION("""COMPUTED_VALUE"""),0.0) -> 0 | P71: =IFERROR(__xludf.DUMMYFUNCTION("""COMPUTED_VALUE"""),0.0) -> 0 | Q71: =IFERROR(__xludf.DUMMYFUNCTION("""COMPUTED_VALUE"""),0.0) -> 0
B72: =IFERROR(__xludf.DUMMYFUNCTION("""COMPUTED_VALUE"""),64.0) -> 64 | D72: =IFERROR(__xludf.DUMMYFUNCTION("""COMPUTED_VALUE"""),"") | E72: =IFERROR(__xludf.DUMMYFUNCTION("""COMPUTED_VALUE"""),0.0) -> 0 | H72: =IFERROR(__xludf.DUMMYFUNCTION("""COMPUTED_VALUE"""),0.0) -> 0 | K72: =IFERROR(__xludf.DUMMYFUNCTION("""COMPUTED_VALUE"""),0.0) -> 0 | L72: =IFERROR(__xludf.DUMMYFUNCTION("""COMPUTED_VALUE"""),0.0) -> 0 | M72: =IFERROR(__xludf.DUMMYFUNCTION("""COMPUTED_VALUE"""),0.0) -> 0 | N72: =IFERROR(__xludf.DUMMYFUNCTION("""COMPUTED_VALUE"""),0.0) -> 0 | O72: =IFERROR(__xludf.DUMMYFUNCTION("""COMPUTED_VALUE"""),0.0) -> 0 | P72: =IFERROR(__xludf.DUMMYFUNCTION("""COMPUTED_VALUE"""),0.0) -> 0 | Q72: =IFERROR(__xludf.DUMMYFUNCTION("""COMPUTED_VALUE"""),0.0) -> 0
B73: =IFERROR(__xludf.DUMMYFUNCTION("""COMPUTED_VALUE"""),65.0) -> 65 | D73: =IFERROR(__xludf.DUMMYFUNCTION("""COMPUTED_VALUE"""),"") | E73: =IFERROR(__xludf.DUMMYFUNCTION("""COMPUTED_VALUE"""),0.0) -> 0 | H73: =IFERROR(__xludf.DUMMYFUNCTION("""COMPUTED_VALUE"""),0.0) -> 0 | K73: =IFERROR(__xludf.DUMMYFUNCTION("""COMPUTED_VALUE"""),0.0) -> 0 | L73: =IFERROR(__xludf.DUMMYFUNCTION("""COMPUTED_VALUE"""),0.0) -> 0 | M73: =IFERROR(__xludf.DUMMYFUNCTION("""COMPUTED_VALUE"""),0.0) -> 0 | N73: =IFERROR(__xludf.DUMMYFUNCTION("""COMPUTED_VALUE"""),0.0) -> 0 | O73: =IFERROR(__xludf.DUMMYFUNCTION("""COMPUTED_VALUE"""),0.0) -> 0 | P73: =IFERROR(__xludf.DUMMYFUNCTION("""COMPUTED_VALUE"""),0.0) -> 0 | Q73: =IFERROR(__xludf.DUMMYFUNCTION("""COMPUTED_VALUE"""),0.0) -> 0
B74: =IFERROR(__xludf.DUMMYFUNCTION("""COMPUTED_VALUE"""),66.0) -> 66 | D74: =IFERROR(__xludf.DUMMYFUNCTION("""COMPUTED_VALUE"""),"") | E74: =IFERROR(__xludf.DUMMYFUNCTION("""COMPUTED_VALUE"""),0.0) -> 0 | H74: =IFERROR(__xludf.DUMMYFUNCTION("""COMPUTED_VALUE"""),0.0) -> 0 | K74: =IFERROR(__xludf.DUMMYFUNCTION("""COMPUTED_VALUE"""),0.0) -> 0 | L74: =IFERROR(__xludf.DUMMYFUNCTION("""COMPUTED_VALUE"""),0.0) -> 0 | M74: =IFERROR(__xludf.DUMMYFUNCTION("""COMPUTED_VALUE"""),0.0) -> 0 | N74: =IFERROR(__xludf.DUMMYFUNCTION("""COMPUTED_VALUE"""),0.0) -> 0 | O74: =IFERROR(__xludf.DUMMYFUNCTION("""COMPUTED_VALUE"""),0.0) -> 0 | P74: =IFERROR(__xludf.DUMMYFUNCTION("""COMPUTED_VALUE"""),0.0) -> 0 | Q74: =IFERROR(__xludf.DUMMYFUNCTION("""COMPUTED_VALUE"""),0.0) -> 0
B75: =IFERROR(__xludf.DUMMYFUNCTION("""COMPUTED_VALUE"""),67.0) -> 67 | D75: =IFERROR(__xludf.DUMMYFUNCTION("""COMPUTED_VALUE"""),"") | E75: =IFERROR(__xludf.DUMMYFUNCTION("""COMPUTED_VALUE"""),0.0) -> 0 | H75: =IFERROR(__xludf.DUMMYFUNCTION("""COMPUTED_VALUE"""),0.0) -> 0 | K75: =IFERROR(__xludf.DUMMYFUNCTION("""COMPUTED_VALUE"""),0.0) -> 0 | L75: =IFERROR(__xludf.DUMMYFUNCTION("""COMPUTED_VALUE"""),0.0) -> 0 | M75: =IFERROR(__xludf.DUMMYFUNCTION("""COMPUTED_VALUE"""),0.0) -> 0 | N75: =IFERROR(__xludf.DUMMYFUNCTION("""COMPUTED_VALUE"""),0.0) -> 0 | O75: =IFERROR(__xludf.DUMMYFUNCTION("""COMPUTED_VALUE"""),0.0) -> 0 | P75: =IFERROR(__xludf.DUMMYFUNCTION("""COMPUTED_VALUE"""),0.0) -> 0 | Q75: =IFERROR(__xludf.DUMMYFUNCTION("""COMPUTED_VALUE"""),0.0) -> 0
B76: =IFERROR(__xludf.DUMMYFUNCTION("""COMPUTED_VALUE"""),68.0) -> 68 | D76: =IFERROR(__xludf.DUMMYFUNCTION("""COMPUTED_VALUE"""),"") | E76: =IFERROR(__xludf.DUMMYFUNCTION("""COMPUTED_VALUE"""),0.0) -> 0 | H76: =IFERROR(__xludf.DUMMYFUNCTION("""COMPUTED_VALUE"""),0.0) -> 0 | K76: =IFERROR(__xludf.DUMMYFUNCTION("""COMPUTED_VALUE"""),0.0) -> 0 | L76: =IFERROR(__xludf.DUMMYFUNCTION("""COMPUTED_VALUE"""),0.0) -> 0 | M76: =IFERROR(__xludf.DUMMYFUNCTION("""COMPUTED_VALUE"""),0.0) -> 0 | N76: =IFERROR(__xludf.DUMMYFUNCTION("""COMPUTED_VALUE"""),0.0) -> 0 | O76: =IFERROR(__xludf.DUMMYFUNCTION("""COMPUTED_VALUE"""),0.0) -> 0 | P76: =IFERROR(__xludf.DUMMYFUNCTION("""COMPUTED_VALUE"""),0.0) -> 0 | Q76: =IFERROR(__xludf.DUMMYFUNCTION("""COMPUTED_VALUE"""),0.0) -> 0
B77: =IFERROR(__xludf.DUMMYFUNCTION("""COMPUTED_VALUE"""),69.0) -> 69 | D77: =IFERROR(__xludf.DUMMYFUNCTION("""COMPUTED_VALUE"""),"") | E77: =IFERROR(__xludf.DUMMYFUNCTION("""COMPUTED_VALUE"""),0.0) -> 0 | H77: =IFERROR(__xludf.DUMMYFUNCTION("""COMPUTED_VALUE"""),0.0) -> 0 | K77: =IFERROR(__xludf.DUMMYFUNCTION("""COMPUTED_VALUE"""),0.0) -> 0 | L77: =IFERROR(__xludf.DUMMYFUNCTION("""COMPUTED_VALUE"""),0.0) -> 0 | M77: =IFERROR(__xludf.DUMMYFUNCTION("""COMPUTED_VALUE"""),0.0) -> 0 | N77: =IFERROR(__xludf.DUMMYFUNCTION("""COMPUTED_VALUE"""),0.0) -> 0 | O77: =IFERROR(__xludf.DUMMYFUNCTION("""COMPUTED_VALUE"""),0.0) -> 0 | P77: =IFERROR(__xludf.DUMMYFUNCTION("""COMPUTED_VALUE"""),0.0) -> 0 | Q77: =IFERROR(__xludf.DUMMYFUNCTION("""COMPUTED_VALUE"""),0.0) -> 0
B78: =IFERROR(__xludf.DUMMYFUNCTION("""COMPUTED_VALUE"""),70.0) -> 70 | D78: =IFERROR(__xludf.DUMMYFUNCTION("""COMPUTED_VALUE"""),"") | E78: =IFERROR(__xludf.DUMMYFUNCTION("""COMPUTED_VALUE"""),0.0) -> 0 | H78: =IFERROR(__xludf.DUMMYFUNCTION("""COMPUTED_VALUE"""),0.0) -> 0 | K78: =IFERROR(__xludf.DUMMYFUNCTION("""COMPUTED_VALUE"""),0.0) -> 0 | L78: =IFERROR(__xludf.DUMMYFUNCTION("""COMPUTED_VALUE"""),0.0) -> 0 | M78: =IFERROR(__xludf.DUMMYFUNCTION("""COMPUTED_VALUE"""),0.0) -> 0 | N78: =IFERROR(__xludf.DUMMYFUNCTION("""COMPUTED_VALUE"""),0.0) -> 0 | O78: =IFERROR(__xludf.DUMMYFUNCTION("""COMPUTED_VALUE"""),0.0) -> 0 | P78: =IFERROR(__xludf.DUMMYFUNCTION("""COMPUTED_VALUE"""),0.0) -> 0 | Q78: =IFERROR(__xludf.DUMMYFUNCTION("""COMPUTED_VALUE"""),0.0) -> 0
B79: =IFERROR(__xludf.DUMMYFUNCTION("""COMPUTED_VALUE"""),71.0) -> 71 | D79: =IFERROR(__xludf.DUMMYFUNCTION("""COMPUTED_VALUE"""),"") | E79: =IFERROR(__xludf.DUMMYFUNCTION("""COMPUTED_VALUE"""),0.0) -> 0 | H79: =IFERROR(__xludf.DUMMYFUNCTION("""COMPUTED_VALUE"""),0.0) -> 0 | K79: =IFERROR(__xludf.DUMMYFUNCTION("""COMPUTED_VALUE"""),0.0) -> 0 | L79: =IFERROR(__xludf.DUMMYFUNCTION("""COMPUTED_VALUE"""),0.0) -> 0 | M79: =IFERROR(__xludf.DUMMYFUNCTION("""COMPUTED_VALUE"""),0.0) -> 0 | N79: =IFERROR(__xludf.DUMMYFUNCTION("""COMPUTED_VALUE"""),0.0) -> 0 | O79: =IFERROR(__xludf.DUMMYFUNCTION("""COMPUTED_VALUE"""),0.0) -> 0 | P79: =IFERROR(__xludf.DUMMYFUNCTION("""COMPUTED_VALUE"""),0.0) -> 0 | Q79: =IFERROR(__xludf.DUMMYFUNCTION("""COMPUTED_VALUE"""),0.0) -> 0
B80: =IFERROR(__xludf.DUMMYFUNCTION("""COMPUTED_VALUE"""),72.0) -> 72 | D80: =IFERROR(__xludf.DUMMYFUNCTION("""COMPUTED_VALUE"""),"") | E80: =IFERROR(__xludf.DUMMYFUNCTION("""COMPUTED_VALUE"""),0.0) -> 0 | H80: =IFERROR(__xludf.DUMMYFUNCTION("""COMPUTED_VALUE"""),0.0) -> 0 | K80: =IFERROR(__xludf.DUMMYFUNCTION("""COMPUTED_VALUE"""),0.0) -> 0 | L80: =IFERROR(__xludf.DUMMYFUNCTION("""COMPUTED_VALUE"""),0.0) -> 0 | M80: =IFERROR(__xludf.DUMMYFUNCTION("""COMPUTED_VALUE"""),0.0) -> 0 | N80: =IFERROR(__xludf.DUMMYFUNCTION("""COMPUTED_VALUE"""),0.0) -> 0 | O80: =IFERROR(__xludf.DUMMYFUNCTION("""COMPUTED_VALUE"""),0.0) -> 0 | P80: =IFERROR(__xludf.DUMMYFUNCTION("""COMPUTED_VALUE"""),0.0) -> 0 | Q80: =IFERROR(__xludf.DUMMYFUNCTION("""COMPUTED_VALUE"""),0.0) -> 0
B81: =IFERROR(__xludf.DUMMYFUNCTION("""COMPUTED_VALUE"""),73.0) -> 73 | D81: =IFERROR(__xludf.DUMMYFUNCTION("""COMPUTED_VALUE"""),"") | E81: =IFERROR(__xludf.DUMMYFUNCTION("""COMPUTED_VALUE"""),0.0) -> 0 | H81: =IFERROR(__xludf.DUMMYFUNCTION("""COMPUTED_VALUE"""),0.0) -> 0 | K81: =IFERROR(__xludf.DUMMYFUNCTION("""COMPUTED_VALUE"""),0.0) -> 0 | L81: =IFERROR(__xludf.DUMMYFUNCTION("""COMPUTED_VALUE"""),0.0) -> 0 | M81: =IFERROR(__xludf.DUMMYFUNCTION("""COMPUTED_VALUE"""),0.0) -> 0 | N81: =IFERROR(__xludf.DUMMYFUNCTION("""COMPUTED_VALUE"""),0.0) -> 0 | O81: =IFERROR(__xludf.DUMMYFUNCTION("""COMPUTED_VALUE"""),0.0) -> 0 | P81: =IFERROR(__xludf.DUMMYFUNCTION("""COMPUTED_VALUE"""),0.0) -> 0 | Q81: =IFERROR(__xludf.DUMMYFUNCTION("""COMPUTED_VALUE"""),0.0) -> 0
B82: =IFERROR(__xludf.DUMMYFUNCTION("""COMPUTED_VALUE"""),74.0) -> 74 | D82: =IFERROR(__xludf.DUMMYFUNCTION("""COMPUTED_VALUE"""),"") | E82: =IFERROR(__xludf.DUMMYFUNCTION("""COMPUTED_VALUE"""),0.0) -> 0 | H82: =IFERROR(__xludf.DUMMYFUNCTION("""COMPUTED_VALUE"""),0.0) -> 0 | K82: =IFERROR(__xludf.DUMMYFUNCTION("""COMPUTED_VALUE"""),0.0) -> 0 | L82: =IFERROR(__xludf.DUMMYFUNCTION("""COMPUTED_VALUE"""),0.0) -> 0 | M82: =IFERROR(__xludf.DUMMYFUNCTION("""COMPUTED_VALUE"""),0.0) -> 0 | N82: =IFERROR(__xludf.DUMMYFUNCTION("""COMPUTED_VALUE"""),0.0) -> 0 | O82: =IFERROR(__xludf.DUMMYFUNCTION("""COMPUTED_VALUE"""),0.0) -> 0 | P82: =IFERROR(__xludf.DUMMYFUNCTION("""COMPUTED_VALUE"""),0.0) -> 0 | Q82: =IFERROR(__xludf.DUMMYFUNCTION("""COMPUTED_VALUE"""),0.0) -> 0
B83: =IFERROR(__xludf.DUMMYFUNCTION("""COMPUTED_VALUE"""),75.0) -> 75 | D83: =IFERROR(__xludf.DUMMYFUNCTION("""COMPUTED_VALUE"""),"") | E83: =IFERROR(__xludf.DUMMYFUNCTION("""COMPUTED_VALUE"""),0.0) -> 0 | H83: =IFERROR(__xludf.DUMMYFUNCTION("""COMPUTED_VALUE"""),0.0) -> 0 | K83: =IFERROR(__xludf.DUMMYFUNCTION("""COMPUTED_VALUE"""),0.0) -> 0 | L83: =IFERROR(__xludf.DUMMYFUNCTION("""COMPUTED_VALUE"""),0.0) -> 0 | M83: =IFERROR(__xludf.DUMMYFUNCTION("""COMPUTED_VALUE"""),0.0) -> 0 | N83: =IFERROR(__xludf.DUMMYFUNCTION("""COMPUTED_VALUE"""),0.0) -> 0 | O83: =IFERROR(__xludf.DUMMYFUNCTION("""COMPUTED_VALUE"""),0.0) -> 0 | P83: =IFERROR(__xludf.DUMMYFUNCTION("""COMPUTED_VALUE"""),0.0) -> 0 | Q83: =IFERROR(__xludf.DUMMYFUNCTION("""COMPUTED_VALUE"""),0.0) -> 0
B84: =IFERROR(__xludf.DUMMYFUNCTION("""COMPUTED_VALUE"""),76.0) -> 76 | D84: =IFERROR(__xludf.DUMMYFUNCTION("""COMPUTED_VALUE"""),"") | E84: =IFERROR(__xludf.DUMMYFUNCTION("""COMPUTED_VALUE"""),0.0) -> 0 | H84: =IFERROR(__xludf.DUMMYFUNCTION("""COMPUTED_VALUE"""),0.0) -> 0 | K84: =IFERROR(__xludf.DUMMYFUNCTION("""COMPUTED_VALUE"""),0.0) -> 0 | L84: =IFERROR(__xludf.DUMMYFUNCTION("""COMPUTED_VALUE"""),0.0) -> 0 | M84: =IFERROR(__xludf.DUMMYFUNCTION("""COMPUTED_VALUE"""),0.0) -> 0 | N84: =IFERROR(__xludf.DUMMYFUNCTION("""COMPUTED_VALUE"""),0.0) -> 0 | O84: =IFERROR(__xludf.DUMMYFUNCTION("""COMPUTED_VALUE"""),0.0) -> 0 | P84: =IFERROR(__xludf.DUMMYFUNCTION("""COMPUTED_VALUE"""),0.0) -> 0 | Q84: =IFERROR(__xludf.DUMMYFUNCTION("""COMPUTED_VALUE"""),0.0) -> 0
B85: =IFERROR(__xludf.DUMMYFUNCTION("""COMPUTED_VALUE"""),77.0) -> 77 | D85: =IFERROR(__xludf.DUMMYFUNCTION("""COMPUTED_VALUE"""),"") | E85: =IFERROR(__xludf.DUMMYFUNCTION("""COMPUTED_VALUE"""),0.0) -> 0 | H85: =IFERROR(__xludf.DUMMYFUNCTION("""COMPUTED_VALUE"""),0.0) -> 0 | K85: =IFERROR(__xludf.DUMMYFUNCTION("""COMPUTED_VALUE"""),0.0) -> 0 | L85: =IFERROR(__xludf.DUMMYFUNCTION("""COMPUTED_VALUE"""),0.0) -> 0 | M85: =IFERROR(__xludf.DUMMYFUNCTION("""COMPUTED_VALUE"""),0.0) -> 0 | N85: =IFERROR(__xludf.DUMMYFUNCTION("""COMPUTED_VALUE"""),0.0) -> 0 | O85: =IFERROR(__xludf.DUMMYFUNCTION("""COMPUTED_VALUE"""),0.0) -> 0 | P85: =IFERROR(__xludf.DUMMYFUNCTION("""COMPUTED_VALUE"""),0.0) -> 0 | Q85: =IFERROR(__xludf.DUMMYFUNCTION("""COMPUTED_VALUE"""),0.0) -> 0
B86: =IFERROR(__xludf.DUMMYFUNCTION("""COMPUTED_VALUE"""),78.0) -> 78 | D86: =IFERROR(__xludf.DUMMYFUNCTION("""COMPUTED_VALUE"""),"") | E86: =IFERROR(__xludf.DUMMYFUNCTION("""COMPUTED_VALUE"""),0.0) -> 0 | H86: =IFERROR(__xludf.DUMMYFUNCTION("""COMPUTED_VALUE"""),0.0) -> 0 | K86: =IFERROR(__xludf.DUMMYFUNCTION("""COMPUTED_VALUE"""),0.0) -> 0 | L86: =IFERROR(__xludf.DUMMYFUNCTION("""COMPUTED_VALUE"""),0.0) -> 0 | M86: =IFERROR(__xludf.DUMMYFUNCTION("""COMPUTED_VALUE"""),0.0) -> 0 | N86: =IFERROR(__xludf.DUMMYFUNCTION("""COMPUTED_VALUE"""),0.0) -> 0 | O86: =IFERROR(__xludf.DUMMYFUNCTION("""COMPUTED_VALUE"""),0.0) -> 0 | P86: =IFERROR(__xludf.DUMMYFUNCTION("""COMPUTED_VALUE"""),0.0) -> 0 | Q86: =IFERROR(__xludf.DUMMYFUNCTION("""COMPUTED_VALUE"""),0.0) -> 0
B87: =IFERROR(__xludf.DUMMYFUNCTION("""COMPUTED_VALUE"""),79.0) -> 79 | D87: =IFERROR(__xludf.DUMMYFUNCTION("""COMPUTED_VALUE"""),"") | E87: =IFERROR(__xludf.DUMMYFUNCTION("""COMPUTED_VALUE"""),0.0) -> 0 | H87: =IFERROR(__xludf.DUMMYFUNCTION("""COMPUTED_VALUE"""),0.0) -> 0 | K87: =IFERROR(__xludf.DUMMYFUNCTION("""COMPUTED_VALUE"""),0.0) -> 0 | L87: =IFERROR(__xludf.DUMMYFUNCTION("""COMPUTED_VALUE"""),0.0) -> 0 | M87: =IFERROR(__xludf.DUMMYFUNCTION("""COMPUTED_VALUE"""),0.0) -> 0 | N87: =IFERROR(__xludf.DUMMYFUNCTION("""COMPUTED_VALUE"""),0.0) -> 0 | O87: =IFERROR(__xludf.DUMMYFUNCTION("""COMPUTED_VALUE"""),0.0) -> 0 | P87: =IFERROR(__xludf.DUMMYFUNCTION("""COMPUTED_VALUE"""),0.0) -> 0 | Q87: =IFERROR(__xludf.DUMMYFUNCTION("""COMPUTED_VALUE"""),0.0) -> 0
B88: =IFERROR(__xludf.DUMMYFUNCTION("""COMPUTED_VALUE"""),80.0) -> 80 | D88: =IFERROR(__xludf.DUMMYFUNCTION("""COMPUTED_VALUE"""),"") | E88: =IFERROR(__xludf.DUMMYFUNCTION("""COMPUTED_VALUE"""),0.0) -> 0 | H88: =IFERROR(__xludf.DUMMYFUNCTION("""COMPUTED_VALUE"""),0.0) -> 0 | K88: =IFERROR(__xludf.DUMMYFUNCTION("""COMPUTED_VALUE"""),0.0) -> 0 | L88: =IFERROR(__xludf.DUMMYFUNCTION("""COMPUTED_VALUE"""),0.0) -> 0 | M88: =IFERROR(__xludf.DUMMYFUNCTION("""COMPUTED_VALUE"""),0.0) -> 0 | N88: =IFERROR(__xludf.DUMMYFUNCTION("""COMPUTED_VALUE"""),0.0) -> 0 | O88: =IFERROR(__xludf.DUMMYFUNCTION("""COMPUTED_VALUE"""),0.0) -> 0 | P88: =IFERROR(__xludf.DUMMYFUNCTION("""COMPUTED_VALUE"""),0.0) -> 0 | Q88: =IFERROR(__xludf.DUMMYFUNCTION("""COMPUTED_VALUE"""),0.0) -> 0
B89: =IFERROR(__xludf.DUMMYFUNCTION("""COMPUTED_VALUE"""),81.0) -> 81 | D89: =IFERROR(__xludf.DUMMYFUNCTION("""COMPUTED_VALUE"""),"") | E89: =IFERROR(__xludf.DUMMYFUNCTION("""COMPUTED_VALUE"""),0.0) -> 0 | H89: =IFERROR(__xludf.DUMMYFUNCTION("""COMPUTED_VALUE"""),0.0) -> 0 | K89: =IFERROR(__xludf.DUMMYFUNCTION("""COMPUTED_VALUE"""),0.0) -> 0 | L89: =IFERROR(__xludf.DUMMYFUNCTION("""COMPUTED_VALUE"""),0.0) -> 0 | M89: =IFERROR(__xludf.DUMMYFUNCTION("""COMPUTED_VALUE"""),0.0) -> 0 | N89: =IFERROR(__xludf.DUMMYFUNCTION("""COMPUTED_VALUE"""),0.0) -> 0 | O89: =IFERROR(__xludf.DUMMYFUNCTION("""COMPUTED_VALUE"""),0.0) -> 0 | P89: =IFERROR(__xludf.DUMMYFUNCTION("""COMPUTED_VALUE"""),0.0) -> 0 | Q89: =IFERROR(__xludf.DUMMYFUNCTION("""COMPUTED_VALUE"""),0.0) -> 0
B90: =IFERROR(__xludf.DUMMYFUNCTION("""COMPUTED_VALUE"""),82.0) -> 82 | D90: =IFERROR(__xludf.DUMMYFUNCTION("""COMPUTED_VALUE"""),"") | E90: =IFERROR(__xludf.DUMMYFUNCTION("""COMPUTED_VALUE"""),0.0) -> 0 | H90: =IFERROR(__xludf.DUMMYFUNCTION("""COMPUTED_VALUE"""),0.0) -> 0 | K90: =IFERROR(__xludf.DUMMYFUNCTION("""COMPUTED_VALUE"""),0.0) -> 0 | L90: =IFERROR(__xludf.DUMMYFUNCTION("""COMPUTED_VALUE"""),0.0) -> 0 | M90: =IFERROR(__xludf.DUMMYFUNCTION("""COMPUTED_VALUE"""),0.0) -> 0 | N90: =IFERROR(__xludf.DUMMYFUNCTION("""COMPUTED_VALUE"""),0.0) -> 0 | O90: =IFERROR(__xludf.DUMMYFUNCTION("""COMPUTED_VALUE"""),0.0) -> 0 | P90: =IFERROR(__xludf.DUMMYFUNCTION("""COMPUTED_VALUE"""),0.0) -> 0 | Q90: =IFERROR(__xludf.DUMMYFUNCTION("""COMPUTED_VALUE"""),0.0) -> 0
B91: =IFERROR(__xludf.DUMMYFUNCTION("""COMPUTED_VALUE"""),83.0) -> 83 | D91: =IFERROR(__xludf.DUMMYFUNCTION("""COMPUTED_VALUE"""),"") | E91: =IFERROR(__xludf.DUMMYFUNCTION("""COMPUTED_VALUE"""),0.0) -> 0 | H91: =IFERROR(__xludf.DUMMYFUNCTION("""COMPUTED_VALUE"""),0.0) -> 0 | K91: =IFERROR(__xludf.DUMMYFUNCTION("""COMPUTED_VALUE"""),0.0) -> 0 | L91: =IFERROR(__xludf.DUMMYFUNCTION("""COMPUTED_VALUE"""),0.0) -> 0 | M91: =IFERROR(__xludf.DUMMYFUNCTION("""COMPUTED_VALUE"""),0.0) -> 0 | N91: =IFERROR(__xludf.DUMMYFUNCTION("""COMPUTED_VALUE"""),0.0) -> 0 | O91: =IFERROR(__xludf.DUMMYFUNCTION("""COMPUTED_VALUE"""),0.0) -> 0 | P91: =IFERROR(__xludf.DUMMYFUNCTION("""COMPUTED_VALUE"""),0.0) -> 0 | Q91: =IFERROR(__xludf.DUMMYFUNCTION("""COMPUTED_VALUE"""),0.0) -> 0
B92: =IFERROR(__xludf.DUMMYFUNCTION("""COMPUTED_VALUE"""),84.0) -> 84 | D92: =IFERROR(__xludf.DUMMYFUNCTION("""COMPUTED_VALUE"""),"") | E92: =IFERROR(__xludf.DUMMYFUNCTION("""COMPUTED_VALUE"""),0.0) -> 0 | H92: =IFERROR(__xludf.DUMMYFUNCTION("""COMPUTED_VALUE"""),0.0) -> 0 | K92: =IFERROR(__xludf.DUMMYFUNCTION("""COMPUTED_VALUE"""),0.0) -> 0 | L92: =IFERROR(__xludf.DUMMYFUNCTION("""COMPUTED_VALUE"""),0.0) -> 0 | M92: =IFERROR(__xludf.DUMMYFUNCTION("""COMPUTED_VALUE"""),0.0) -> 0 | N92: =IFERROR(__xludf.DUMMYFUNCTION("""COMPUTED_VALUE"""),0.0) -> 0 | O92: =IFERROR(__xludf.DUMMYFUNCTION("""COMPUTED_VALUE"""),0.0) -> 0 | P92: =IFERROR(__xludf.DUMMYFUNCTION("""COMPUTED_VALUE"""),0.0) -> 0 | Q92: =IFERROR(__xludf.DUMMYFUNCTION("""COMPUTED_VALUE"""),0.0) -> 0
B93: =IFERROR(__xludf.DUMMYFUNCTION("""COMPUTED_VALUE"""),85.0) -> 85 | D93: =IFERROR(__xludf.DUMMYFUNCTION("""COMPUTED_VALUE"""),"") | E93: =IFERROR(__xludf.DUMMYFUNCTION("""COMPUTED_VALUE"""),0.0) -> 0 | H93: =IFERROR(__xludf.DUMMYFUNCTION("""COMPUTED_VALUE"""),0.0) -> 0 | K93: =IFERROR(__xludf.DUMMYFUNCTION("""COMPUTED_VALUE"""),0.0) -> 0 | L93: =IFERROR(__xludf.DUMMYFUNCTION("""COMPUTED_VALUE"""),0.0) -> 0 | M93: =IFERROR(__xludf.DUMMYFUNCTION("""COMPUTED_VALUE"""),0.0) -> 0 | N93: =IFERROR(__xludf.DUMMYFUNCTION("""COMPUTED_VALUE"""),0.0) -> 0 | O93: =IFERROR(__xludf.DUMMYFUNCTION("""COMPUTED_VALUE"""),0.0) -> 0 | P93: =IFERROR(__xludf.DUMMYFUNCTION("""COMPUTED_VALUE"""),0.0) -> 0 | Q93: =IFERROR(__xludf.DUMMYFUNCTION("""COMPUTED_VALUE"""),0.0) -> 0
B94: =IFERROR(__xludf.DUMMYFUNCTION("""COMPUTED_VALUE"""),86.0) -> 86 | D94: =IFERROR(__xludf.DUMMYFUNCTION("""COMPUTED_VALUE"""),"") | E94: =IFERROR(__xludf.DUMMYFUNCTION("""COMPUTED_VALUE"""),0.0) -> 0 | H94: =IFERROR(__xludf.DUMMYFUNCTION("""COMPUTED_VALUE"""),0.0) -> 0 | K94: =IFERROR(__xludf.DUMMYFUNCTION("""COMPUTED_VALUE"""),0.0) -> 0 | L94: =IFERROR(__xludf.DUMMYFUNCTION("""COMPUTED_VALUE"""),0.0) -> 0 | M94: =IFERROR(__xludf.DUMMYFUNCTION("""COMPUTED_VALUE"""),0.0) -> 0 | N94: =IFERROR(__xludf.DUMMYFUNCTION("""COMPUTED_VALUE"""),0.0) -> 0 | O94: =IFERROR(__xludf.DUMMYFUNCTION("""COMPUTED_VALUE"""),0.0) -> 0 | P94: =IFERROR(__xludf.DUMMYFUNCTION("""COMPUTED_VALUE"""),0.0) -> 0 | Q94: =IFERROR(__xludf.DUMMYFUNCTION("""COMPUTED_VALUE"""),0.0) -> 0
B95: =IFERROR(__xludf.DUMMYFUNCTION("""COMPUTED_VALUE"""),87.0) -> 87 | D95: =IFERROR(__xludf.DUMMYFUNCTION("""COMPUTED_VALUE"""),"") | E95: =IFERROR(__xludf.DUMMYFUNCTION("""COMPUTED_VALUE"""),0.0) -> 0 | H95: =IFERROR(__xludf.DUMMYFUNCTION("""COMPUTED_VALUE"""),0.0) -> 0 | K95: =IFERROR(__xludf.DUMMYFUNCTION("""COMPUTED_VALUE"""),0.0) -> 0 | L95: =IFERROR(__xludf.DUMMYFUNCTION("""COMPUTED_VALUE"""),0.0) -> 0 | M95: =IFERROR(__xludf.DUMMYFUNCTION("""COMPUTED_VALUE"""),0.0) -> 0 | N95: =IFERROR(__xludf.DUMMYFUNCTION("""COMPUTED_VALUE"""),0.0) -> 0 | O95: =IFERROR(__xludf.DUMMYFUNCTION("""COMPUTED_VALUE"""),0.0) -> 0 | P95: =IFERROR(__xludf.DUMMYFUNCTION("""COMPUTED_VALUE"""),0.0) -> 0 | Q95: =IFERROR(__xludf.DUMMYFUNCTION("""COMPUTED_VALUE"""),0.0) -> 0
B96: =IFERROR(__xludf.DUMMYFUNCTION("""COMPUTED_VALUE"""),88.0) -> 88 | D96: =IFERROR(__xludf.DUMMYFUNCTION("""COMPUTED_VALUE"""),"") | E96: =IFERROR(__xludf.DUMMYFUNCTION("""COMPUTED_VALUE"""),0.0) -> 0 | H96: =IFERROR(__xludf.DUMMYFUNCTION("""COMPUTED_VALUE"""),0.0) -> 0 | K96: =IFERROR(__xludf.DUMMYFUNCTION("""COMPUTED_VALUE"""),0.0) -> 0 | L96: =IFERROR(__xludf.DUMMYFUNCTION("""COMPUTED_VALUE"""),0.0) -> 0 | M96: =IFERROR(__xludf.DUMMYFUNCTION("""COMPUTED_VALUE"""),0.0) -> 0 | N96: =IFERROR(__xludf.DUMMYFUNCTION("""COMPUTED_VALUE"""),0.0) -> 0 | O96: =IFERROR(__xludf.DUMMYFUNCTION("""COMPUTED_VALUE"""),0.0) -> 0 | P96: =IFERROR(__xludf.DUMMYFUNCTION("""COMPUTED_VALUE"""),0.0) -> 0 | Q96: =IFERROR(__xludf.DUMMYFUNCTION("""COMPUTED_VALUE"""),0.0) -> 0
B97: =IFERROR(__xludf.DUMMYFUNCTION("""COMPUTED_VALUE"""),89.0) -> 89 | D97: =IFERROR(__xludf.DUMMYFUNCTION("""COMPUTED_VALUE"""),"") | E97: =IFERROR(__xludf.DUMMYFUNCTION("""COMPUTED_VALUE"""),0.0) -> 0 | H97: =IFERROR(__xludf.DUMMYFUNCTION("""COMPUTED_VALUE"""),0.0) -> 0 | K97: =IFERROR(__xludf.DUMMYFUNCTION("""COMPUTED_VALUE"""),0.0) -> 0 | L97: =IFERROR(__xludf.DUMMYFUNCTION("""COMPUTED_VALUE"""),0.0) -> 0 | M97: =IFERROR(__xludf.DUMMYFUNCTION("""COMPUTED_VALUE"""),0.0) -> 0 | N97: =IFERROR(__xludf.DUMMYFUNCTION("""COMPUTED_VALUE"""),0.0) -> 0 | O97: =IFERROR(__xludf.DUMMYFUNCTION("""COMPUTED_VALUE"""),0.0) -> 0 | P97: =IFERROR(__xludf.DUMMYFUNCTION("""COMPUTED_VALUE"""),0.0) -> 0 | Q97: =IFERROR(__xludf.DUMMYFUNCTION("""COMPUTED_VALUE"""),0.0) -> 0
B98: =IFERROR(__xludf.DUMMYFUNCTION("""COMPUTED_VALUE"""),90.0) -> 90 | D98: =IFERROR(__xludf.DUMMYFUNCTION("""COMPUTED_VALUE"""),"") | E98: =IFERROR(__xludf.DUMMYFUNCTION("""COMPUTED_VALUE"""),0.0) -> 0 | H98: =IFERROR(__xludf.DUMMYFUNCTION("""COMPUTED_VALUE"""),0.0) -> 0 | K98: =IFERROR(__xludf.DUMMYFUNCTION("""COMPUTED_VALUE"""),0.0) -> 0 | L98: =IFERROR(__xludf.DUMMYFUNCTION("""COMPUTED_VALUE"""),0.0) -> 0 | M98: =IFERROR(__xludf.DUMMYFUNCTION("""COMPUTED_VALUE"""),0.0) -> 0 | N98: =IFERROR(__xludf.DUMMYFUNCTION("""COMPUTED_VALUE"""),0.0) -> 0 | O98: =IFERROR(__xludf.DUMMYFUNCTION("""COMPUTED_VALUE"""),0.0) -> 0 | P98: =IFERROR(__xludf.DUMMYFUNCTION("""COMPUTED_VALUE"""),0.0) -> 0 | Q98: =IFERROR(__xludf.DUMMYFUNCTION("""COMPUTED_VALUE"""),0.0) -> 0
B99: =IFERROR(__xludf.DUMMYFUNCTION("""COMPUTED_VALUE"""),91.0) -> 91 | D99: =IFERROR(__xludf.DUMMYFUNCTION("""COMPUTED_VALUE"""),"") | E99: =IFERROR(__xludf.DUMMYFUNCTION("""COMPUTED_VALUE"""),0.0) -> 0 | H99: =IFERROR(__xludf.DUMMYFUNCTION("""COMPUTED_VALUE"""),0.0) -> 0 | K99: =IFERROR(__xludf.DUMMYFUNCTION("""COMPUTED_VALUE"""),0.0) -> 0 | L99: =IFERROR(__xludf.DUMMYFUNCTION("""COMPUTED_VALUE"""),0.0) -> 0 | M99: =IFERROR(__xludf.DUMMYFUNCTION("""COMPUTED_VALUE"""),0.0) -> 0 | N99: =IFERROR(__xludf.DUMMYFUNCTION("""COMPUTED_VALUE"""),0.0) -> 0 | O99: =IFERROR(__xludf.DUMMYFUNCTION("""COMPUTED_VALUE"""),0.0) -> 0 | P99: =IFERROR(__xludf.DUMMYFUNCTION("""COMPUTED_VALUE"""),0.0) -> 0 | Q99: =IFERROR(__xludf.DUMMYFUNCTION("""COMPUTED_VALUE"""),0.0) -> 0
B100: =IFERROR(__xludf.DUMMYFUNCTION("""COMPUTED_VALUE"""),92.0) -> 92 | D100: =IFERROR(__xludf.DUMMYFUNCTION("""COMPUTED_VALUE"""),"") | E100: =IFERROR(__xludf.DUMMYFUNCTION("""COMPUTED_VALUE"""),0.0) -> 0 | H100: =IFERROR(__xludf.DUMMYFUNCTION("""COMPUTED_VALUE"""),0.0) -> 0 | K100: =IFERROR(__xludf.DUMMYFUNCTION("""COMPUTED_VALUE"""),0.0) -> 0 | L100: =IFERROR(__xludf.DUMMYFUNCTION("""COMPUTED_VALUE"""),0.0) -> 0 | M100: =IFERROR(__xludf.DUMMYFUNCTION("""COMPUTED_VALUE"""),0.0) -> 0 | N100: =IFERROR(__xludf.DUMMYFUNCTION("""COMPUTED_VALUE"""),0.0) -> 0 | O100: =IFERROR(__xludf.DUMMYFUNCTION("""COMPUTED_VALUE"""),0.0) -> 0 | P100: =IFERROR(__xludf.DUMMYFUNCTION("""COMPUTED_VALUE"""),0.0) -> 0 | Q100: =IFERROR(__xludf.DUMMYFUNCTION("""COMPUTED_VALUE"""),0.0) -> 0
B101: =IFERROR(__xludf.DUMMYFUNCTION("""COMPUTED_VALUE"""),93.0) -> 93 | D101: =IFERROR(__xludf.DUMMYFUNCTION("""COMPUTED_VALUE"""),"") | E101: =IFERROR(__xludf.DUMMYFUNCTION("""COMPUTED_VALUE"""),0.0) -> 0 | H101: =IFERROR(__xludf.DUMMYFUNCTION("""COMPUTED_VALUE"""),0.0) -> 0 | K101: =IFERROR(__xludf.DUMMYFUNCTION("""COMPUTED_VALUE"""),0.0) -> 0 | L101: =IFERROR(__xludf.DUMMYFUNCTION("""COMPUTED_VALUE"""),0.0) -> 0 | M101: =IFERROR(__xludf.DUMMYFUNCTION("""COMPUTED_VALUE"""),0.0) -> 0 | N101: =IFERROR(__xludf.DUMMYFUNCTION("""COMPUTED_VALUE"""),0.0) -> 0 | O101: =IFERROR(__xludf.DUMMYFUNCTION("""COMPUTED_VALUE"""),0.0) -> 0 | P101: =IFERROR(__xludf.DUMMYFUNCTION("""COMPUTED_VALUE"""),0.0) -> 0 | Q101: =IFERROR(__xludf.DUMMYFUNCTION("""COMPUTED_VALUE"""),0.0) -> 0
B102: =IFERROR(__xludf.DUMMYFUNCTION("""COMPUTED_VALUE"""),94.0) -> 94 | D102: =IFERROR(__xludf.DUMMYFUNCTION("""COMPUTED_VALUE"""),"") | E102: =IFERROR(__xludf.DUMMYFUNCTION("""COMPUTED_VALUE"""),0.0) -> 0 | H102: =IFERROR(__xludf.DUMMYFUNCTION("""COMPUTED_VALUE"""),0.0) -> 0 | K102: =IFERROR(__xludf.DUMMYFUNCTION("""COMPUTED_VALUE"""),0.0) -> 0 | L102: =IFERROR(__xludf.DUMMYFUNCTION("""COMPUTED_VALUE"""),0.0) -> 0 | M102: =IFERROR(__xludf.DUMMYFUNCTION("""COMPUTED_VALUE"""),0.0) -> 0 | N102: =IFERROR(__xludf.DUMMYFUNCTION("""COMPUTED_VALUE"""),0.0) -> 0 | O102: =IFERROR(__xludf.DUMMYFUNCTION("""COMPUTED_VALUE"""),0.0) -> 0 | P102: =IFERROR(__xludf.DUMMYFUNCTION("""COMPUTED_VALUE"""),0.0) -> 0 | Q102: =IFERROR(__xludf.DUMMYFUNCTION("""COMPUTED_VALUE"""),0.0) -> 0
...

Sheet PO LAPANGAN
B1: KONTROL PO MATERIAL | Q1: PERHATIAN : > ISI KOLOM WARNA KUNING > SHEET TANDA KUNCI SEBAGAI REFERENSI (Tdk bisa diedit, tapi bisa dicoppy)
G3: PIC: LOGISTIK DIVISI | H3: T O T A L | L3: =SUM(L9:L500) -> 30242000 | Q3: =SUM(Q9:Q500) -> 4198000 | U3: CATATAN :
U4: NOT LINK https
B5: NOMOR | C5: NOMOR | D5: KODE | E5: KODE | F5: TANGGAL | G5: JENIS MATERIAL | H5: SATUAN | I5: HARSAT | J5: KUANTITAS PO | L5: JUMLAH HARGA PO | N5: SUMDA (RAPL) | P5: SELISIH PO THD RAPL | R5: PEMBELIAN | S5: KETERANGAN
B6: URUT PO | C6: PO | D6: AKUN | E6: MATERIAL | I6: PO | J6: SAAT INI | K6: AKUM (DIV+PROY) | L6: SAAT INI | M6: AKUM (DIV+PROY) | N6: KUANTITAS | O6: JML HRG | P6: KUANTITAS | Q6: JML HRG
B7: A | C7: B | D7: C | E7: C | F7: D | G7: E | H7: F | I7: G | J7: H | K7: I | L7: J= H x G | M7: K | N7: L | O7: M | P7: N= L - I | Q7: O= M - K | R7: P | S7: Q
U8: Cash Proyek
B9: 1000 | C9: PO5 | D9: =IF(G9="","",(VLOOKUP(G9,'2. SMDA BHN'!$B$12:$J512,2,0))) -> 6 | E9: =IF(G9=0,0,(VLOOKUP(G9,'2. SMDA BHN'!$B$12:$J512,3,0))) -> M006 | F9: 46160 | G9: Kayu 5/7 | H9: =IF(G9=0,0,(VLOOKUP(G9,'2. SMDA BHN'!$B$12:$H512,4,0))) -> M3 | I9: 2200000 | J9: 1 | K9: =SUMIF('PO MTRL'!$G$9:$G512,G9,'PO MTRL'!$J$9:$J512) -> 1 | L9: =+I9*J9 -> 2200000 | M9: =SUMIF('PO MTRL'!$G$9:$G512,G9,'PO MTRL'!$L$9:$L512) -> 2200000 | N9: =IF(G9=0,0,(VLOOKUP(G9,'2. SMDA BHN'!$B$12:$H512,5,0))) -> 3 | O9: =IF(G9=0,0,(VLOOKUP(G9,'2. SMDA BHN'!$B$12:$H512,7,0))) -> 6000000 | P9: =N9-K9 -> 2 | Q9: =O9-M9 -> 3800000 | R9: Cash Proyek | S9: X | U9: -
B10: =B9+1 -> 1001 | C10: PO5 | D10: =IF(G10="","",(VLOOKUP(G10,'2. SMDA BHN'!$B$12:$J512,2,0))) -> 8 | E10: =IF(G10=0,0,(VLOOKUP(G10,'2. SMDA BHN'!$B$12:$J512,3,0))) -> M008 | F10: 46160 | G10: Paku | H10: =IF(G10=0,0,(VLOOKUP(G10,'2. SMDA BHN'!$B$12:$H512,4,0))) -> KG | I10: 21000 | J10: 2 | K10: =SUMIF('PO MTRL'!$G$9:$G512,G10,'PO MTRL'!$J$9:$J512) -> 10 | L10: =+I10*J10 -> 42000 | M10: =SUMIF('PO MTRL'!$G$9:$G512,G10,'PO MTRL'!$L$9:$L512) -> 202000 | N10: =IF(G10=0,0,(VLOOKUP(G10,'2. SMDA BHN'!$B$12:$H512,5,0))) -> 30 | O10: =IF(G10=0,0,(VLOOKUP(G10,'2. SMDA BHN'!$B$12:$H512,7,0))) -> 600000 | P10: =N10-K10 -> 20 | Q10: =O10-M10 -> 398000 | R10: Cash Proyek | S10: X
B11: =B10+1 -> 1002 | C11: PO6 | D11: =IF(G11="","",(VLOOKUP(G11,'2. SMDA BHN'!$B$12:$J512,2,0))) -> 9 | E11: =IF(G11=0,0,(VLOOKUP(G11,'2. SMDA BHN'!$B$12:$J512,3,0))) -> M010 | F11: 46162 | G11: Concrete Mixer Beton | H11: =IF(G11=0,0,(VLOOKUP(G11,'2. SMDA BHN'!$B$12:$H512,4,0))) -> UNIT | I11: 25000000 | J11: 1 | K11: =SUMIF('PO MTRL'!$G$9:$G512,G11,'PO MTRL'!$J$9:$J512) -> 1 | L11: =+I11*J11 -> 25000000 | M11: =SUMIF('PO MTRL'!$G$9:$G512,G11,'PO MTRL'!$L$9:$L512) -> 25000000 | N11: =IF(G11=0,0,(VLOOKUP(G11,'2. SMDA BHN'!$B$12:$H512,5,0))) -> 1 | O11: =IF(G11=0,0,(VLOOKUP(G11,'2. SMDA BHN'!$B$12:$H512,7,0))) -> 25000000 | P11: =N11-K11 -> 0 | Q11: =O11-M11 -> 0 | R11: Cash Proyek
B12: =B11+1 -> 1003 | C12: PO6 | D12: =IF(G12="","",(VLOOKUP(G12,'2. SMDA BHN'!$B$12:$J512,2,0))) -> 10 | E12: =IF(G12=0,0,(VLOOKUP(G12,'2. SMDA BHN'!$B$12:$J512,3,0))) -> M011 | F12: 46162 | G12: Mesin gerinda tangan | H12: =IF(G12=0,0,(VLOOKUP(G12,'2. SMDA BHN'!$B$12:$H512,4,0))) -> UNIT | I12: 500000 | J12: 2 | K12: =SUMIF('PO MTRL'!$G$9:$G512,G12,'PO MTRL'!$J$9:$J512) -> 2 | L12: =+I12*J12 -> 1000000 | M12: =SUMIF('PO MTRL'!$G$9:$G512,G12,'PO MTRL'!$L$9:$L512) -> 1000000 | N12: =IF(G12=0,0,(VLOOKUP(G12,'2. SMDA BHN'!$B$12:$H512,5,0))) -> 2 | O12: =IF(G12=0,0,(VLOOKUP(G12,'2. SMDA BHN'!$B$12:$H512,7,0))) -> 1000000 | P12: =N12-K12 -> 0 | Q12: =O12-M12 -> 0 | R12: Cash Proyek
B13: =B12+1 -> 1004 | C13: PO6 | D13: =IF(G13="","",(VLOOKUP(G13,'2. SMDA BHN'!$B$12:$J512,2,0))) -> 11 | E13: =IF(G13=0,0,(VLOOKUP(G13,'2. SMDA BHN'!$B$12:$J512,3,0))) -> M012 | F13: 46162 | G13: Rubber Cone | H13: =IF(G13=0,0,(VLOOKUP(G13,'2. SMDA BHN'!$B$12:$H512,4,0))) -> BUAH | I13: 100000 | J13: 20 | K13: =SUMIF('PO MTRL'!$G$9:$G512,G13,'PO MTRL'!$J$9:$J512) -> 20 | L13: =+I13*J13 -> 2000000 | M13: =SUMIF('PO MTRL'!$G$9:$G512,G13,'PO MTRL'!$L$9:$L512) -> 2000000 | N13: =IF(G13=0,0,(VLOOKUP(G13,'2. SMDA BHN'!$B$12:$H512,5,0))) -> 20 | O13: =IF(G13=0,0,(VLOOKUP(G13,'2. SMDA BHN'!$B$12:$H512,7,0))) -> 2000000 | P13: =N13-K13 -> 0 | Q13: =O13-M13 -> 0 | R13: Cash Proyek
B14: =B13+1 -> 1005 | D14: =IF(G14="","",(VLOOKUP(G14,'2. SMDA BHN'!$B$12:$J512,2,0))) | E14: =IF(G14=0,0,(VLOOKUP(G14,'2. SMDA BHN'!$B$12:$J512,3,0))) -> 0 | H14: =IF(G14=0,0,(VLOOKUP(G14,'2. SMDA BHN'!$B$12:$H512,4,0))) -> 0 | K14: =SUMIF('PO MTRL'!$G$9:$G512,G14,'PO MTRL'!$J$9:$J512) -> 0 | L14: =+I14*J14 -> 0 | M14: =SUMIF('PO MTRL'!$G$9:$G512,G14,'PO MTRL'!$L$9:$L512) -> 0 | N14: =IF(G14=0,0,(VLOOKUP(G14,'2. SMDA BHN'!$B$12:$H512,5,0))) -> 0 | O14: =IF(G14=0,0,(VLOOKUP(G14,'2. SMDA BHN'!$B$12:$H512,7,0))) -> 0 | P14: =N14-K14 -> 0 | Q14: =O14-M14 -> 0 | R14: Cash Proyek
B15: =B14+1 -> 1006 | D15: =IF(G15="","",(VLOOKUP(G15,'2. SMDA BHN'!$B$12:$J512,2,0))) | E15: =IF(G15=0,0,(VLOOKUP(G15,'2. SMDA BHN'!$B$12:$J512,3,0))) -> 0 | H15: =IF(G15=0,0,(VLOOKUP(G15,'2. SMDA BHN'!$B$12:$H512,4,0))) -> 0 | K15: =SUMIF('PO MTRL'!$G$9:$G512,G15,'PO MTRL'!$J$9:$J512) -> 0 | L15: =+I15*J15 -> 0 | M15: =SUMIF('PO MTRL'!$G$9:$G512,G15,'PO MTRL'!$L$9:$L512) -> 0 | N15: =IF(G15=0,0,(VLOOKUP(G15,'2. SMDA BHN'!$B$12:$H512,5,0))) -> 0 | O15: =IF(G15=0,0,(VLOOKUP(G15,'2. SMDA BHN'!$B$12:$H512,7,0))) -> 0 | P15: =N15-K15 -> 0 | Q15: =O15-M15 -> 0 | R15: Cash Proyek
B16: =B15+1 -> 1007 | D16: =IF(G16="","",(VLOOKUP(G16,'2. SMDA BHN'!$B$12:$J512,2,0))) | E16: =IF(G16=0,0,(VLOOKUP(G16,'2. SMDA BHN'!$B$12:$J512,3,0))) -> 0 | H16: =IF(G16=0,0,(VLOOKUP(G16,'2. SMDA BHN'!$B$12:$H512,4,0))) -> 0 | K16: =SUMIF('PO MTRL'!$G$9:$G512,G16,'PO MTRL'!$J$9:$J512) -> 0 | L16: =+I16*J16 -> 0 | M16: =SUMIF('PO MTRL'!$G$9:$G512,G16,'PO MTRL'!$L$9:$L512) -> 0 | N16: =IF(G16=0,0,(VLOOKUP(G16,'2. SMDA BHN'!$B$12:$H512,5,0))) -> 0 | O16: =IF(G16=0,0,(VLOOKUP(G16,'2. SMDA BHN'!$B$12:$H512,7,0))) -> 0 | P16: =N16-K16 -> 0 | Q16: =O16-M16 -> 0 | R16: Cash Proyek
B17: =B16+1 -> 1008 | D17: =IF(G17="","",(VLOOKUP(G17,'2. SMDA BHN'!$B$12:$J512,2,0))) | E17: =IF(G17=0,0,(VLOOKUP(G17,'2. SMDA BHN'!$B$12:$J512,3,0))) -> 0 | H17: =IF(G17=0,0,(VLOOKUP(G17,'2. SMDA BHN'!$B$12:$H512,4,0))) -> 0 | K17: =SUMIF('PO MTRL'!$G$9:$G512,G17,'PO MTRL'!$J$9:$J512) -> 0 | L17: =+I17*J17 -> 0 | M17: =SUMIF('PO MTRL'!$G$9:$G512,G17,'PO MTRL'!$L$9:$L512) -> 0 | N17: =IF(G17=0,0,(VLOOKUP(G17,'2. SMDA BHN'!$B$12:$H512,5,0))) -> 0 | O17: =IF(G17=0,0,(VLOOKUP(G17,'2. SMDA BHN'!$B$12:$H512,7,0))) -> 0 | P17: =N17-K17 -> 0 | Q17: =O17-M17 -> 0 | R17: Cash Proyek
B18: =B17+1 -> 1009 | D18: =IF(G18="","",(VLOOKUP(G18,'2. SMDA BHN'!$B$12:$J512,2,0))) | E18: =IF(G18=0,0,(VLOOKUP(G18,'2. SMDA BHN'!$B$12:$J512,3,0))) -> 0 | H18: =IF(G18=0,0,(VLOOKUP(G18,'2. SMDA BHN'!$B$12:$H512,4,0))) -> 0 | K18: =SUMIF('PO MTRL'!$G$9:$G512,G18,'PO MTRL'!$J$9:$J512) -> 0 | L18: =+I18*J18 -> 0 | M18: =SUMIF('PO MTRL'!$G$9:$G512,G18,'PO MTRL'!$L$9:$L512) -> 0 | N18: =IF(G18=0,0,(VLOOKUP(G18,'2. SMDA BHN'!$B$12:$H512,5,0))) -> 0 | O18: =IF(G18=0,0,(VLOOKUP(G18,'2. SMDA BHN'!$B$12:$H512,7,0))) -> 0 | P18: =N18-K18 -> 0 | Q18: =O18-M18 -> 0 | R18: Cash Proyek
B19: =B18+1 -> 1010 | D19: =IF(G19="","",(VLOOKUP(G19,'2. SMDA BHN'!$B$12:$J512,2,0))) | E19: =IF(G19=0,0,(VLOOKUP(G19,'2. SMDA BHN'!$B$12:$J512,3,0))) -> 0 | H19: =IF(G19=0,0,(VLOOKUP(G19,'2. SMDA BHN'!$B$12:$H512,4,0))) -> 0 | K19: =SUMIF('PO MTRL'!$G$9:$G512,G19,'PO MTRL'!$J$9:$J512) -> 0 | L19: =+I19*J19 -> 0 | M19: =SUMIF('PO MTRL'!$G$9:$G512,G19,'PO MTRL'!$L$9:$L512) -> 0 | N19: =IF(G19=0,0,(VLOOKUP(G19,'2. SMDA BHN'!$B$12:$H512,5,0))) -> 0 | O19: =IF(G19=0,0,(VLOOKUP(G19,'2. SMDA BHN'!$B$12:$H512,7,0))) -> 0 | P19: =N19-K19 -> 0 | Q19: =O19-M19 -> 0 | R19: Cash Proyek
B20: =B19+1 -> 1011 | D20: =IF(G20="","",(VLOOKUP(G20,'2. SMDA BHN'!$B$12:$J512,2,0))) | E20: =IF(G20=0,0,(VLOOKUP(G20,'2. SMDA BHN'!$B$12:$J512,3,0))) -> 0 | H20: =IF(G20=0,0,(VLOOKUP(G20,'2. SMDA BHN'!$B$12:$H512,4,0))) -> 0 | K20: =SUMIF('PO MTRL'!$G$9:$G512,G20,'PO MTRL'!$J$9:$J512) -> 0 | L20: =+I20*J20 -> 0 | M20: =SUMIF('PO MTRL'!$G$9:$G512,G20,'PO MTRL'!$L$9:$L512) -> 0 | N20: =IF(G20=0,0,(VLOOKUP(G20,'2. SMDA BHN'!$B$12:$H512,5,0))) -> 0 | O20: =IF(G20=0,0,(VLOOKUP(G20,'2. SMDA BHN'!$B$12:$H512,7,0))) -> 0 | P20: =N20-K20 -> 0 | Q20: =O20-M20 -> 0 | R20: Cash Proyek
B21: =B20+1 -> 1012 | D21: =IF(G21="","",(VLOOKUP(G21,'2. SMDA BHN'!$B$12:$J512,2,0))) | E21: =IF(G21=0,0,(VLOOKUP(G21,'2. SMDA BHN'!$B$12:$J512,3,0))) -> 0 | H21: =IF(G21=0,0,(VLOOKUP(G21,'2. SMDA BHN'!$B$12:$H512,4,0))) -> 0 | K21: =SUMIF('PO MTRL'!$G$9:$G512,G21,'PO MTRL'!$J$9:$J512) -> 0 | L21: =+I21*J21 -> 0 | M21: =SUMIF('PO MTRL'!$G$9:$G512,G21,'PO MTRL'!$L$9:$L512) -> 0 | N21: =IF(G21=0,0,(VLOOKUP(G21,'2. SMDA BHN'!$B$12:$H512,5,0))) -> 0 | O21: =IF(G21=0,0,(VLOOKUP(G21,'2. SMDA BHN'!$B$12:$H512,7,0))) -> 0 | P21: =N21-K21 -> 0 | Q21: =O21-M21 -> 0 | R21: Cash Proyek
B22: =B21+1 -> 1013 | D22: =IF(G22="","",(VLOOKUP(G22,'2. SMDA BHN'!$B$12:$J512,2,0))) | E22: =IF(G22=0,0,(VLOOKUP(G22,'2. SMDA BHN'!$B$12:$J512,3,0))) -> 0 | H22: =IF(G22=0,0,(VLOOKUP(G22,'2. SMDA BHN'!$B$12:$H512,4,0))) -> 0 | K22: =SUMIF('PO MTRL'!$G$9:$G512,G22,'PO MTRL'!$J$9:$J512) -> 0 | L22: =+I22*J22 -> 0 | M22: =SUMIF('PO MTRL'!$G$9:$G512,G22,'PO MTRL'!$L$9:$L512) -> 0 | N22: =IF(G22=0,0,(VLOOKUP(G22,'2. SMDA BHN'!$B$12:$H512,5,0))) -> 0 | O22: =IF(G22=0,0,(VLOOKUP(G22,'2. SMDA BHN'!$B$12:$H512,7,0))) -> 0 | P22: =N22-K22 -> 0 | Q22: =O22-M22 -> 0 | R22: Cash Proyek
B23: =B22+1 -> 1014 | D23: =IF(G23="","",(VLOOKUP(G23,'2. SMDA BHN'!$B$12:$J512,2,0))) | E23: =IF(G23=0,0,(VLOOKUP(G23,'2. SMDA BHN'!$B$12:$J512,3,0))) -> 0 | H23: =IF(G23=0,0,(VLOOKUP(G23,'2. SMDA BHN'!$B$12:$H512,4,0))) -> 0 | K23: =SUMIF('PO MTRL'!$G$9:$G512,G23,'PO MTRL'!$J$9:$J512) -> 0 | L23: =+I23*J23 -> 0 | M23: =SUMIF('PO MTRL'!$G$9:$G512,G23,'PO MTRL'!$L$9:$L512) -> 0 | N23: =IF(G23=0,0,(VLOOKUP(G23,'2. SMDA BHN'!$B$12:$H512,5,0))) -> 0 | O23: =IF(G23=0,0,(VLOOKUP(G23,'2. SMDA BHN'!$B$12:$H512,7,0))) -> 0 | P23: =N23-K23 -> 0 | Q23: =O23-M23 -> 0 | R23: Cash Proyek
B24: =B23+1 -> 1015 | D24: =IF(G24="","",(VLOOKUP(G24,'2. SMDA BHN'!$B$12:$J512,2,0))) | E24: =IF(G24=0,0,(VLOOKUP(G24,'2. SMDA BHN'!$B$12:$J512,3,0))) -> 0 | H24: =IF(G24=0,0,(VLOOKUP(G24,'2. SMDA BHN'!$B$12:$H512,4,0))) -> 0 | K24: =SUMIF('PO MTRL'!$G$9:$G512,G24,'PO MTRL'!$J$9:$J512) -> 0 | L24: =+I24*J24 -> 0 | M24: =SUMIF('PO MTRL'!$G$9:$G512,G24,'PO MTRL'!$L$9:$L512) -> 0 | N24: =IF(G24=0,0,(VLOOKUP(G24,'2. SMDA BHN'!$B$12:$H512,5,0))) -> 0 | O24: =IF(G24=0,0,(VLOOKUP(G24,'2. SMDA BHN'!$B$12:$H512,7,0))) -> 0 | P24: =N24-K24 -> 0 | Q24: =O24-M24 -> 0 | R24: Cash Proyek
B25: =B24+1 -> 1016 | D25: =IF(G25="","",(VLOOKUP(G25,'2. SMDA BHN'!$B$12:$J512,2,0))) | E25: =IF(G25=0,0,(VLOOKUP(G25,'2. SMDA BHN'!$B$12:$J512,3,0))) -> 0 | H25: =IF(G25=0,0,(VLOOKUP(G25,'2. SMDA BHN'!$B$12:$H512,4,0))) -> 0 | K25: =SUMIF('PO MTRL'!$G$9:$G512,G25,'PO MTRL'!$J$9:$J512) -> 0 | L25: =+I25*J25 -> 0 | M25: =SUMIF('PO MTRL'!$G$9:$G512,G25,'PO MTRL'!$L$9:$L512) -> 0 | N25: =IF(G25=0,0,(VLOOKUP(G25,'2. SMDA BHN'!$B$12:$H512,5,0))) -> 0 | O25: =IF(G25=0,0,(VLOOKUP(G25,'2. SMDA BHN'!$B$12:$H512,7,0))) -> 0 | P25: =N25-K25 -> 0 | Q25: =O25-M25 -> 0 | R25: Cash Proyek
B26: =B25+1 -> 1017 | D26: =IF(G26="","",(VLOOKUP(G26,'2. SMDA BHN'!$B$12:$J512,2,0))) | E26: =IF(G26=0,0,(VLOOKUP(G26,'2. SMDA BHN'!$B$12:$J512,3,0))) -> 0 | H26: =IF(G26=0,0,(VLOOKUP(G26,'2. SMDA BHN'!$B$12:$H512,4,0))) -> 0 | K26: =SUMIF('PO MTRL'!$G$9:$G512,G26,'PO MTRL'!$J$9:$J512) -> 0 | L26: =+I26*J26 -> 0 | M26: =SUMIF('PO MTRL'!$G$9:$G512,G26,'PO MTRL'!$L$9:$L512) -> 0 | N26: =IF(G26=0,0,(VLOOKUP(G26,'2. SMDA BHN'!$B$12:$H512,5,0))) -> 0 | O26: =IF(G26=0,0,(VLOOKUP(G26,'2. SMDA BHN'!$B$12:$H512,7,0))) -> 0 | P26: =N26-K26 -> 0 | Q26: =O26-M26 -> 0 | R26: Cash Proyek
B27: =B26+1 -> 1018 | D27: =IF(G27="","",(VLOOKUP(G27,'2. SMDA BHN'!$B$12:$J512,2,0))) | E27: =IF(G27=0,0,(VLOOKUP(G27,'2. SMDA BHN'!$B$12:$J512,3,0))) -> 0 | H27: =IF(G27=0,0,(VLOOKUP(G27,'2. SMDA BHN'!$B$12:$H512,4,0))) -> 0 | K27: =SUMIF('PO MTRL'!$G$9:$G512,G27,'PO MTRL'!$J$9:$J512) -> 0 | L27: =+I27*J27 -> 0 | M27: =SUMIF('PO MTRL'!$G$9:$G512,G27,'PO MTRL'!$L$9:$L512) -> 0 | N27: =IF(G27=0,0,(VLOOKUP(G27,'2. SMDA BHN'!$B$12:$H512,5,0))) -> 0 | O27: =IF(G27=0,0,(VLOOKUP(G27,'2. SMDA BHN'!$B$12:$H512,7,0))) -> 0 | P27: =N27-K27 -> 0 | Q27: =O27-M27 -> 0 | R27: Cash Proyek
B28: =B27+1 -> 1019 | D28: =IF(G28="","",(VLOOKUP(G28,'2. SMDA BHN'!$B$12:$J512,2,0))) | E28: =IF(G28=0,0,(VLOOKUP(G28,'2. SMDA BHN'!$B$12:$J512,3,0))) -> 0 | H28: =IF(G28=0,0,(VLOOKUP(G28,'2. SMDA BHN'!$B$12:$H512,4,0))) -> 0 | K28: =SUMIF('PO MTRL'!$G$9:$G512,G28,'PO MTRL'!$J$9:$J512) -> 0 | L28: =+I28*J28 -> 0 | M28: =SUMIF('PO MTRL'!$G$9:$G512,G28,'PO MTRL'!$L$9:$L512) -> 0 | N28: =IF(G28=0,0,(VLOOKUP(G28,'2. SMDA BHN'!$B$12:$H512,5,0))) -> 0 | O28: =IF(G28=0,0,(VLOOKUP(G28,'2. SMDA BHN'!$B$12:$H512,7,0))) -> 0 | P28: =N28-K28 -> 0 | Q28: =O28-M28 -> 0 | R28: Cash Proyek
B29: =B28+1 -> 1020 | D29: =IF(G29="","",(VLOOKUP(G29,'2. SMDA BHN'!$B$12:$J512,2,0))) | E29: =IF(G29=0,0,(VLOOKUP(G29,'2. SMDA BHN'!$B$12:$J512,3,0))) -> 0 | H29: =IF(G29=0,0,(VLOOKUP(G29,'2. SMDA BHN'!$B$12:$H512,4,0))) -> 0 | K29: =SUMIF('PO MTRL'!$G$9:$G512,G29,'PO MTRL'!$J$9:$J512) -> 0 | L29: =+I29*J29 -> 0 | M29: =SUMIF('PO MTRL'!$G$9:$G512,G29,'PO MTRL'!$L$9:$L512) -> 0 | N29: =IF(G29=0,0,(VLOOKUP(G29,'2. SMDA BHN'!$B$12:$H512,5,0))) -> 0 | O29: =IF(G29=0,0,(VLOOKUP(G29,'2. SMDA BHN'!$B$12:$H512,7,0))) -> 0 | P29: =N29-K29 -> 0 | Q29: =O29-M29 -> 0 | R29: Cash Proyek
B30: =B29+1 -> 1021 | D30: =IF(G30="","",(VLOOKUP(G30,'2. SMDA BHN'!$B$12:$J512,2,0))) | E30: =IF(G30=0,0,(VLOOKUP(G30,'2. SMDA BHN'!$B$12:$J512,3,0))) -> 0 | H30: =IF(G30=0,0,(VLOOKUP(G30,'2. SMDA BHN'!$B$12:$H512,4,0))) -> 0 | K30: =SUMIF('PO MTRL'!$G$9:$G512,G30,'PO MTRL'!$J$9:$J512) -> 0 | L30: =+I30*J30 -> 0 | M30: =SUMIF('PO MTRL'!$G$9:$G512,G30,'PO MTRL'!$L$9:$L512) -> 0 | N30: =IF(G30=0,0,(VLOOKUP(G30,'2. SMDA BHN'!$B$12:$H512,5,0))) -> 0 | O30: =IF(G30=0,0,(VLOOKUP(G30,'2. SMDA BHN'!$B$12:$H512,7,0))) -> 0 | P30: =N30-K30 -> 0 | Q30: =O30-M30 -> 0 | R30: Cash Proyek
B31: =B30+1 -> 1022 | D31: =IF(G31="","",(VLOOKUP(G31,'2. SMDA BHN'!$B$12:$J512,2,0))) | E31: =IF(G31=0,0,(VLOOKUP(G31,'2. SMDA BHN'!$B$12:$J512,3,0))) -> 0 | H31: =IF(G31=0,0,(VLOOKUP(G31,'2. SMDA BHN'!$B$12:$H512,4,0))) -> 0 | K31: =SUMIF('PO MTRL'!$G$9:$G512,G31,'PO MTRL'!$J$9:$J512) -> 0 | L31: =+I31*J31 -> 0 | M31: =SUMIF('PO MTRL'!$G$9:$G512,G31,'PO MTRL'!$L$9:$L512) -> 0 | N31: =IF(G31=0,0,(VLOOKUP(G31,'2. SMDA BHN'!$B$12:$H512,5,0))) -> 0 | O31: =IF(G31=0,0,(VLOOKUP(G31,'2. SMDA BHN'!$B$12:$H512,7,0))) -> 0 | P31: =N31-K31 -> 0 | Q31: =O31-M31 -> 0 | R31: Cash Proyek
B32: =B31+1 -> 1023 | D32: =IF(G32="","",(VLOOKUP(G32,'2. SMDA BHN'!$B$12:$J512,2,0))) | E32: =IF(G32=0,0,(VLOOKUP(G32,'2. SMDA BHN'!$B$12:$J512,3,0))) -> 0 | H32: =IF(G32=0,0,(VLOOKUP(G32,'2. SMDA BHN'!$B$12:$H512,4,0))) -> 0 | K32: =SUMIF('PO MTRL'!$G$9:$G512,G32,'PO MTRL'!$J$9:$J512) -> 0 | L32: =+I32*J32 -> 0 | M32: =SUMIF('PO MTRL'!$G$9:$G512,G32,'PO MTRL'!$L$9:$L512) -> 0 | N32: =IF(G32=0,0,(VLOOKUP(G32,'2. SMDA BHN'!$B$12:$H512,5,0))) -> 0 | O32: =IF(G32=0,0,(VLOOKUP(G32,'2. SMDA BHN'!$B$12:$H512,7,0))) -> 0 | P32: =N32-K32 -> 0 | Q32: =O32-M32 -> 0 | R32: Cash Proyek
B33: =B32+1 -> 1024 | D33: =IF(G33="","",(VLOOKUP(G33,'2. SMDA BHN'!$B$12:$J512,2,0))) | E33: =IF(G33=0,0,(VLOOKUP(G33,'2. SMDA BHN'!$B$12:$J512,3,0))) -> 0 | H33: =IF(G33=0,0,(VLOOKUP(G33,'2. SMDA BHN'!$B$12:$H512,4,0))) -> 0 | K33: =SUMIF('PO MTRL'!$G$9:$G512,G33,'PO MTRL'!$J$9:$J512) -> 0 | L33: =+I33*J33 -> 0 | M33: =SUMIF('PO MTRL'!$G$9:$G512,G33,'PO MTRL'!$L$9:$L512) -> 0 | N33: =IF(G33=0,0,(VLOOKUP(G33,'2. SMDA BHN'!$B$12:$H512,5,0))) -> 0 | O33: =IF(G33=0,0,(VLOOKUP(G33,'2. SMDA BHN'!$B$12:$H512,7,0))) -> 0 | P33: =N33-K33 -> 0 | Q33: =O33-M33 -> 0 | R33: Cash Proyek
B34: =B33+1 -> 1025 | D34: =IF(G34="","",(VLOOKUP(G34,'2. SMDA BHN'!$B$12:$J512,2,0))) | E34: =IF(G34=0,0,(VLOOKUP(G34,'2. SMDA BHN'!$B$12:$J512,3,0))) -> 0 | H34: =IF(G34=0,0,(VLOOKUP(G34,'2. SMDA BHN'!$B$12:$H512,4,0))) -> 0 | K34: =SUMIF('PO MTRL'!$G$9:$G512,G34,'PO MTRL'!$J$9:$J512) -> 0 | L34: =+I34*J34 -> 0 | M34: =SUMIF('PO MTRL'!$G$9:$G512,G34,'PO MTRL'!$L$9:$L512) -> 0 | N34: =IF(G34=0,0,(VLOOKUP(G34,'2. SMDA BHN'!$B$12:$H512,5,0))) -> 0 | O34: =IF(G34=0,0,(VLOOKUP(G34,'2. SMDA BHN'!$B$12:$H512,7,0))) -> 0 | P34: =N34-K34 -> 0 | Q34: =O34-M34 -> 0 | R34: Cash Proyek
B35: =B34+1 -> 1026 | D35: =IF(G35="","",(VLOOKUP(G35,'2. SMDA BHN'!$B$12:$J512,2,0))) | E35: =IF(G35=0,0,(VLOOKUP(G35,'2. SMDA BHN'!$B$12:$J512,3,0))) -> 0 | H35: =IF(G35=0,0,(VLOOKUP(G35,'2. SMDA BHN'!$B$12:$H512,4,0))) -> 0 | K35: =SUMIF('PO MTRL'!$G$9:$G512,G35,'PO MTRL'!$J$9:$J512) -> 0 | L35: =+I35*J35 -> 0 | M35: =SUMIF('PO MTRL'!$G$9:$G512,G35,'PO MTRL'!$L$9:$L512) -> 0 | N35: =IF(G35=0,0,(VLOOKUP(G35,'2. SMDA BHN'!$B$12:$H512,5,0))) -> 0 | O35: =IF(G35=0,0,(VLOOKUP(G35,'2. SMDA BHN'!$B$12:$H512,7,0))) -> 0 | P35: =N35-K35 -> 0 | Q35: =O35-M35 -> 0 | R35: Cash Proyek
B36: =B35+1 -> 1027 | D36: =IF(G36="","",(VLOOKUP(G36,'2. SMDA BHN'!$B$12:$J512,2,0))) | E36: =IF(G36=0,0,(VLOOKUP(G36,'2. SMDA BHN'!$B$12:$J512,3,0))) -> 0 | H36: =IF(G36=0,0,(VLOOKUP(G36,'2. SMDA BHN'!$B$12:$H512,4,0))) -> 0 | K36: =SUMIF('PO MTRL'!$G$9:$G512,G36,'PO MTRL'!$J$9:$J512) -> 0 | L36: =+I36*J36 -> 0 | M36: =SUMIF('PO MTRL'!$G$9:$G512,G36,'PO MTRL'!$L$9:$L512) -> 0 | N36: =IF(G36=0,0,(VLOOKUP(G36,'2. SMDA BHN'!$B$12:$H512,5,0))) -> 0 | O36: =IF(G36=0,0,(VLOOKUP(G36,'2. SMDA BHN'!$B$12:$H512,7,0))) -> 0 | P36: =N36-K36 -> 0 | Q36: =O36-M36 -> 0 | R36: Cash Proyek
B37: =B36+1 -> 1028 | D37: =IF(G37="","",(VLOOKUP(G37,'2. SMDA BHN'!$B$12:$J512,2,0))) | E37: =IF(G37=0,0,(VLOOKUP(G37,'2. SMDA BHN'!$B$12:$J512,3,0))) -> 0 | H37: =IF(G37=0,0,(VLOOKUP(G37,'2. SMDA BHN'!$B$12:$H512,4,0))) -> 0 | K37: =SUMIF('PO MTRL'!$G$9:$G512,G37,'PO MTRL'!$J$9:$J512) -> 0 | L37: =+I37*J37 -> 0 | M37: =SUMIF('PO MTRL'!$G$9:$G512,G37,'PO MTRL'!$L$9:$L512) -> 0 | N37: =IF(G37=0,0,(VLOOKUP(G37,'2. SMDA BHN'!$B$12:$H512,5,0))) -> 0 | O37: =IF(G37=0,0,(VLOOKUP(G37,'2. SMDA BHN'!$B$12:$H512,7,0))) -> 0 | P37: =N37-K37 -> 0 | Q37: =O37-M37 -> 0 | R37: Cash Proyek
B38: =B37+1 -> 1029 | D38: =IF(G38="","",(VLOOKUP(G38,'2. SMDA BHN'!$B$12:$J512,2,0))) | E38: =IF(G38=0,0,(VLOOKUP(G38,'2. SMDA BHN'!$B$12:$J512,3,0))) -> 0 | H38: =IF(G38=0,0,(VLOOKUP(G38,'2. SMDA BHN'!$B$12:$H512,4,0))) -> 0 | K38: =SUMIF('PO MTRL'!$G$9:$G512,G38,'PO MTRL'!$J$9:$J512) -> 0 | L38: =+I38*J38 -> 0 | M38: =SUMIF('PO MTRL'!$G$9:$G512,G38,'PO MTRL'!$L$9:$L512) -> 0 | N38: =IF(G38=0,0,(VLOOKUP(G38,'2. SMDA BHN'!$B$12:$H512,5,0))) -> 0 | O38: =IF(G38=0,0,(VLOOKUP(G38,'2. SMDA BHN'!$B$12:$H512,7,0))) -> 0 | P38: =N38-K38 -> 0 | Q38: =O38-M38 -> 0 | R38: Cash Proyek
B39: =B38+1 -> 1030 | D39: =IF(G39="","",(VLOOKUP(G39,'2. SMDA BHN'!$B$12:$J512,2,0))) | E39: =IF(G39=0,0,(VLOOKUP(G39,'2. SMDA BHN'!$B$12:$J512,3,0))) -> 0 | H39: =IF(G39=0,0,(VLOOKUP(G39,'2. SMDA BHN'!$B$12:$H512,4,0))) -> 0 | K39: =SUMIF('PO MTRL'!$G$9:$G512,G39,'PO MTRL'!$J$9:$J512) -> 0 | L39: =+I39*J39 -> 0 | M39: =SUMIF('PO MTRL'!$G$9:$G512,G39,'PO MTRL'!$L$9:$L512) -> 0 | N39: =IF(G39=0,0,(VLOOKUP(G39,'2. SMDA BHN'!$B$12:$H512,5,0))) -> 0 | O39: =IF(G39=0,0,(VLOOKUP(G39,'2. SMDA BHN'!$B$12:$H512,7,0))) -> 0 | P39: =N39-K39 -> 0 | Q39: =O39-M39 -> 0 | R39: Cash Proyek
B40: =B39+1 -> 1031 | D40: =IF(G40="","",(VLOOKUP(G40,'2. SMDA BHN'!$B$12:$J512,2,0))) | E40: =IF(G40=0,0,(VLOOKUP(G40,'2. SMDA BHN'!$B$12:$J512,3,0))) -> 0 | H40: =IF(G40=0,0,(VLOOKUP(G40,'2. SMDA BHN'!$B$12:$H512,4,0))) -> 0 | K40: =SUMIF('PO MTRL'!$G$9:$G512,G40,'PO MTRL'!$J$9:$J512) -> 0 | L40: =+I40*J40 -> 0 | M40: =SUMIF('PO MTRL'!$G$9:$G512,G40,'PO MTRL'!$L$9:$L512) -> 0 | N40: =IF(G40=0,0,(VLOOKUP(G40,'2. SMDA BHN'!$B$12:$H512,5,0))) -> 0 | O40: =IF(G40=0,0,(VLOOKUP(G40,'2. SMDA BHN'!$B$12:$H512,7,0))) -> 0 | P40: =N40-K40 -> 0 | Q40: =O40-M40 -> 0 | R40: Cash Proyek
B41: =B40+1 -> 1032 | D41: =IF(G41="","",(VLOOKUP(G41,'2. SMDA BHN'!$B$12:$J512,2,0))) | E41: =IF(G41=0,0,(VLOOKUP(G41,'2. SMDA BHN'!$B$12:$J512,3,0))) -> 0 | H41: =IF(G41=0,0,(VLOOKUP(G41,'2. SMDA BHN'!$B$12:$H512,4,0))) -> 0 | K41: =SUMIF('PO MTRL'!$G$9:$G512,G41,'PO MTRL'!$J$9:$J512) -> 0 | L41: =+I41*J41 -> 0 | M41: =SUMIF('PO MTRL'!$G$9:$G512,G41,'PO MTRL'!$L$9:$L512) -> 0 | N41: =IF(G41=0,0,(VLOOKUP(G41,'2. SMDA BHN'!$B$12:$H512,5,0))) -> 0 | O41: =IF(G41=0,0,(VLOOKUP(G41,'2. SMDA BHN'!$B$12:$H512,7,0))) -> 0 | P41: =N41-K41 -> 0 | Q41: =O41-M41 -> 0 | R41: Cash Proyek
B42: =B41+1 -> 1033 | D42: =IF(G42="","",(VLOOKUP(G42,'2. SMDA BHN'!$B$12:$J512,2,0))) | E42: =IF(G42=0,0,(VLOOKUP(G42,'2. SMDA BHN'!$B$12:$J512,3,0))) -> 0 | H42: =IF(G42=0,0,(VLOOKUP(G42,'2. SMDA BHN'!$B$12:$H512,4,0))) -> 0 | K42: =SUMIF('PO MTRL'!$G$9:$G512,G42,'PO MTRL'!$J$9:$J512) -> 0 | L42: =+I42*J42 -> 0 | M42: =SUMIF('PO MTRL'!$G$9:$G512,G42,'PO MTRL'!$L$9:$L512) -> 0 | N42: =IF(G42=0,0,(VLOOKUP(G42,'2. SMDA BHN'!$B$12:$H512,5,0))) -> 0 | O42: =IF(G42=0,0,(VLOOKUP(G42,'2. SMDA BHN'!$B$12:$H512,7,0))) -> 0 | P42: =N42-K42 -> 0 | Q42: =O42-M42 -> 0 | R42: Cash Proyek
B43: =B42+1 -> 1034 | D43: =IF(G43="","",(VLOOKUP(G43,'2. SMDA BHN'!$B$12:$J512,2,0))) | E43: =IF(G43=0,0,(VLOOKUP(G43,'2. SMDA BHN'!$B$12:$J512,3,0))) -> 0 | H43: =IF(G43=0,0,(VLOOKUP(G43,'2. SMDA BHN'!$B$12:$H512,4,0))) -> 0 | K43: =SUMIF('PO MTRL'!$G$9:$G512,G43,'PO MTRL'!$J$9:$J512) -> 0 | L43: =+I43*J43 -> 0 | M43: =SUMIF('PO MTRL'!$G$9:$G512,G43,'PO MTRL'!$L$9:$L512) -> 0 | N43: =IF(G43=0,0,(VLOOKUP(G43,'2. SMDA BHN'!$B$12:$H512,5,0))) -> 0 | O43: =IF(G43=0,0,(VLOOKUP(G43,'2. SMDA BHN'!$B$12:$H512,7,0))) -> 0 | P43: =N43-K43 -> 0 | Q43: =O43-M43 -> 0 | R43: Cash Proyek
B44: =B43+1 -> 1035 | D44: =IF(G44="","",(VLOOKUP(G44,'2. SMDA BHN'!$B$12:$J512,2,0))) | E44: =IF(G44=0,0,(VLOOKUP(G44,'2. SMDA BHN'!$B$12:$J512,3,0))) -> 0 | H44: =IF(G44=0,0,(VLOOKUP(G44,'2. SMDA BHN'!$B$12:$H512,4,0))) -> 0 | K44: =SUMIF('PO MTRL'!$G$9:$G512,G44,'PO MTRL'!$J$9:$J512) -> 0 | L44: =+I44*J44 -> 0 | M44: =SUMIF('PO MTRL'!$G$9:$G512,G44,'PO MTRL'!$L$9:$L512) -> 0 | N44: =IF(G44=0,0,(VLOOKUP(G44,'2. SMDA BHN'!$B$12:$H512,5,0))) -> 0 | O44: =IF(G44=0,0,(VLOOKUP(G44,'2. SMDA BHN'!$B$12:$H512,7,0))) -> 0 | P44: =N44-K44 -> 0 | Q44: =O44-M44 -> 0 | R44: Cash Proyek
B45: =B44+1 -> 1036 | D45: =IF(G45="","",(VLOOKUP(G45,'2. SMDA BHN'!$B$12:$J512,2,0))) | E45: =IF(G45=0,0,(VLOOKUP(G45,'2. SMDA BHN'!$B$12:$J512,3,0))) -> 0 | H45: =IF(G45=0,0,(VLOOKUP(G45,'2. SMDA BHN'!$B$12:$H512,4,0))) -> 0 | K45: =SUMIF('PO MTRL'!$G$9:$G512,G45,'PO MTRL'!$J$9:$J512) -> 0 | L45: =+I45*J45 -> 0 | M45: =SUMIF('PO MTRL'!$G$9:$G512,G45,'PO MTRL'!$L$9:$L512) -> 0 | N45: =IF(G45=0,0,(VLOOKUP(G45,'2. SMDA BHN'!$B$12:$H512,5,0))) -> 0 | O45: =IF(G45=0,0,(VLOOKUP(G45,'2. SMDA BHN'!$B$12:$H512,7,0))) -> 0 | P45: =N45-K45 -> 0 | Q45: =O45-M45 -> 0 | R45: Cash Proyek
B46: =B45+1 -> 1037 | D46: =IF(G46="","",(VLOOKUP(G46,'2. SMDA BHN'!$B$12:$J512,2,0))) | E46: =IF(G46=0,0,(VLOOKUP(G46,'2. SMDA BHN'!$B$12:$J512,3,0))) -> 0 | H46: =IF(G46=0,0,(VLOOKUP(G46,'2. SMDA BHN'!$B$12:$H512,4,0))) -> 0 | K46: =SUMIF('PO MTRL'!$G$9:$G512,G46,'PO MTRL'!$J$9:$J512) -> 0 | L46: =+I46*J46 -> 0 | M46: =SUMIF('PO MTRL'!$G$9:$G512,G46,'PO MTRL'!$L$9:$L512) -> 0 | N46: =IF(G46=0,0,(VLOOKUP(G46,'2. SMDA BHN'!$B$12:$H512,5,0))) -> 0 | O46: =IF(G46=0,0,(VLOOKUP(G46,'2. SMDA BHN'!$B$12:$H512,7,0))) -> 0 | P46: =N46-K46 -> 0 | Q46: =O46-M46 -> 0 | R46: Cash Proyek
B47: =B46+1 -> 1038 | D47: =IF(G47="","",(VLOOKUP(G47,'2. SMDA BHN'!$B$12:$J512,2,0))) | E47: =IF(G47=0,0,(VLOOKUP(G47,'2. SMDA BHN'!$B$12:$J512,3,0))) -> 0 | H47: =IF(G47=0,0,(VLOOKUP(G47,'2. SMDA BHN'!$B$12:$H512,4,0))) -> 0 | K47: =SUMIF('PO MTRL'!$G$9:$G512,G47,'PO MTRL'!$J$9:$J512) -> 0 | L47: =+I47*J47 -> 0 | M47: =SUMIF('PO MTRL'!$G$9:$G512,G47,'PO MTRL'!$L$9:$L512) -> 0 | N47: =IF(G47=0,0,(VLOOKUP(G47,'2. SMDA BHN'!$B$12:$H512,5,0))) -> 0 | O47: =IF(G47=0,0,(VLOOKUP(G47,'2. SMDA BHN'!$B$12:$H512,7,0))) -> 0 | P47: =N47-K47 -> 0 | Q47: =O47-M47 -> 0 | R47: Cash Proyek
B48: =B47+1 -> 1039 | D48: =IF(G48="","",(VLOOKUP(G48,'2. SMDA BHN'!$B$12:$J512,2,0))) | E48: =IF(G48=0,0,(VLOOKUP(G48,'2. SMDA BHN'!$B$12:$J512,3,0))) -> 0 | H48: =IF(G48=0,0,(VLOOKUP(G48,'2. SMDA BHN'!$B$12:$H512,4,0))) -> 0 | K48: =SUMIF('PO MTRL'!$G$9:$G512,G48,'PO MTRL'!$J$9:$J512) -> 0 | L48: =+I48*J48 -> 0 | M48: =SUMIF('PO MTRL'!$G$9:$G512,G48,'PO MTRL'!$L$9:$L512) -> 0 | N48: =IF(G48=0,0,(VLOOKUP(G48,'2. SMDA BHN'!$B$12:$H512,5,0))) -> 0 | O48: =IF(G48=0,0,(VLOOKUP(G48,'2. SMDA BHN'!$B$12:$H512,7,0))) -> 0 | P48: =N48-K48 -> 0 | Q48: =O48-M48 -> 0 | R48: Cash Proyek
B49: =B48+1 -> 1040 | D49: =IF(G49="","",(VLOOKUP(G49,'2. SMDA BHN'!$B$12:$J512,2,0))) | E49: =IF(G49=0,0,(VLOOKUP(G49,'2. SMDA BHN'!$B$12:$J512,3,0))) -> 0 | H49: =IF(G49=0,0,(VLOOKUP(G49,'2. SMDA BHN'!$B$12:$H512,4,0))) -> 0 | K49: =SUMIF('PO MTRL'!$G$9:$G512,G49,'PO MTRL'!$J$9:$J512) -> 0 | L49: =+I49*J49 -> 0 | M49: =SUMIF('PO MTRL'!$G$9:$G512,G49,'PO MTRL'!$L$9:$L512) -> 0 | N49: =IF(G49=0,0,(VLOOKUP(G49,'2. SMDA BHN'!$B$12:$H512,5,0))) -> 0 | O49: =IF(G49=0,0,(VLOOKUP(G49,'2. SMDA BHN'!$B$12:$H512,7,0))) -> 0 | P49: =N49-K49 -> 0 | Q49: =O49-M49 -> 0 | R49: Cash Proyek
B50: =B49+1 -> 1041 | D50: =IF(G50="","",(VLOOKUP(G50,'2. SMDA BHN'!$B$12:$J512,2,0))) | E50: =IF(G50=0,0,(VLOOKUP(G50,'2. SMDA BHN'!$B$12:$J512,3,0))) -> 0 | H50: =IF(G50=0,0,(VLOOKUP(G50,'2. SMDA BHN'!$B$12:$H512,4,0))) -> 0 | K50: =SUMIF('PO MTRL'!$G$9:$G512,G50,'PO MTRL'!$J$9:$J512) -> 0 | L50: =+I50*J50 -> 0 | M50: =SUMIF('PO MTRL'!$G$9:$G512,G50,'PO MTRL'!$L$9:$L512) -> 0 | N50: =IF(G50=0,0,(VLOOKUP(G50,'2. SMDA BHN'!$B$12:$H512,5,0))) -> 0 | O50: =IF(G50=0,0,(VLOOKUP(G50,'2. SMDA BHN'!$B$12:$H512,7,0))) -> 0 | P50: =N50-K50 -> 0 | Q50: =O50-M50 -> 0 | R50: Cash Proyek
B51: =B50+1 -> 1042 | D51: =IF(G51="","",(VLOOKUP(G51,'2. SMDA BHN'!$B$12:$J512,2,0))) | E51: =IF(G51=0,0,(VLOOKUP(G51,'2. SMDA BHN'!$B$12:$J512,3,0))) -> 0 | H51: =IF(G51=0,0,(VLOOKUP(G51,'2. SMDA BHN'!$B$12:$H512,4,0))) -> 0 | K51: =SUMIF('PO MTRL'!$G$9:$G512,G51,'PO MTRL'!$J$9:$J512) -> 0 | L51: =+I51*J51 -> 0 | M51: =SUMIF('PO MTRL'!$G$9:$G512,G51,'PO MTRL'!$L$9:$L512) -> 0 | N51: =IF(G51=0,0,(VLOOKUP(G51,'2. SMDA BHN'!$B$12:$H512,5,0))) -> 0 | O51: =IF(G51=0,0,(VLOOKUP(G51,'2. SMDA BHN'!$B$12:$H512,7,0))) -> 0 | P51: =N51-K51 -> 0 | Q51: =O51-M51 -> 0 | R51: Cash Proyek
B52: =B51+1 -> 1043 | D52: =IF(G52="","",(VLOOKUP(G52,'2. SMDA BHN'!$B$12:$J512,2,0))) | E52: =IF(G52=0,0,(VLOOKUP(G52,'2. SMDA BHN'!$B$12:$J512,3,0))) -> 0 | H52: =IF(G52=0,0,(VLOOKUP(G52,'2. SMDA BHN'!$B$12:$H512,4,0))) -> 0 | K52: =SUMIF('PO MTRL'!$G$9:$G512,G52,'PO MTRL'!$J$9:$J512) -> 0 | L52: =+I52*J52 -> 0 | M52: =SUMIF('PO MTRL'!$G$9:$G512,G52,'PO MTRL'!$L$9:$L512) -> 0 | N52: =IF(G52=0,0,(VLOOKUP(G52,'2. SMDA BHN'!$B$12:$H512,5,0))) -> 0 | O52: =IF(G52=0,0,(VLOOKUP(G52,'2. SMDA BHN'!$B$12:$H512,7,0))) -> 0 | P52: =N52-K52 -> 0 | Q52: =O52-M52 -> 0 | R52: Cash Proyek
B53: =B52+1 -> 1044 | D53: =IF(G53="","",(VLOOKUP(G53,'2. SMDA BHN'!$B$12:$J512,2,0))) | E53: =IF(G53=0,0,(VLOOKUP(G53,'2. SMDA BHN'!$B$12:$J512,3,0))) -> 0 | H53: =IF(G53=0,0,(VLOOKUP(G53,'2. SMDA BHN'!$B$12:$H512,4,0))) -> 0 | K53: =SUMIF('PO MTRL'!$G$9:$G512,G53,'PO MTRL'!$J$9:$J512) -> 0 | L53: =+I53*J53 -> 0 | M53: =SUMIF('PO MTRL'!$G$9:$G512,G53,'PO MTRL'!$L$9:$L512) -> 0 | N53: =IF(G53=0,0,(VLOOKUP(G53,'2. SMDA BHN'!$B$12:$H512,5,0))) -> 0 | O53: =IF(G53=0,0,(VLOOKUP(G53,'2. SMDA BHN'!$B$12:$H512,7,0))) -> 0 | P53: =N53-K53 -> 0 | Q53: =O53-M53 -> 0 | R53: Cash Proyek
B54: =B53+1 -> 1045 | D54: =IF(G54="","",(VLOOKUP(G54,'2. SMDA BHN'!$B$12:$J512,2,0))) | E54: =IF(G54=0,0,(VLOOKUP(G54,'2. SMDA BHN'!$B$12:$J512,3,0))) -> 0 | H54: =IF(G54=0,0,(VLOOKUP(G54,'2. SMDA BHN'!$B$12:$H512,4,0))) -> 0 | K54: =SUMIF('PO MTRL'!$G$9:$G512,G54,'PO MTRL'!$J$9:$J512) -> 0 | L54: =+I54*J54 -> 0 | M54: =SUMIF('PO MTRL'!$G$9:$G512,G54,'PO MTRL'!$L$9:$L512) -> 0 | N54: =IF(G54=0,0,(VLOOKUP(G54,'2. SMDA BHN'!$B$12:$H512,5,0))) -> 0 | O54: =IF(G54=0,0,(VLOOKUP(G54,'2. SMDA BHN'!$B$12:$H512,7,0))) -> 0 | P54: =N54-K54 -> 0 | Q54: =O54-M54 -> 0 | R54: Cash Proyek
B55: =B54+1 -> 1046 | D55: =IF(G55="","",(VLOOKUP(G55,'2. SMDA BHN'!$B$12:$J512,2,0))) | E55: =IF(G55=0,0,(VLOOKUP(G55,'2. SMDA BHN'!$B$12:$J512,3,0))) -> 0 | H55: =IF(G55=0,0,(VLOOKUP(G55,'2. SMDA BHN'!$B$12:$H512,4,0))) -> 0 | K55: =SUMIF('PO MTRL'!$G$9:$G512,G55,'PO MTRL'!$J$9:$J512) -> 0 | L55: =+I55*J55 -> 0 | M55: =SUMIF('PO MTRL'!$G$9:$G512,G55,'PO MTRL'!$L$9:$L512) -> 0 | N55: =IF(G55=0,0,(VLOOKUP(G55,'2. SMDA BHN'!$B$12:$H512,5,0))) -> 0 | O55: =IF(G55=0,0,(VLOOKUP(G55,'2. SMDA BHN'!$B$12:$H512,7,0))) -> 0 | P55: =N55-K55 -> 0 | Q55: =O55-M55 -> 0 | R55: Cash Proyek
B56: =B55+1 -> 1047 | D56: =IF(G56="","",(VLOOKUP(G56,'2. SMDA BHN'!$B$12:$J512,2,0))) | E56: =IF(G56=0,0,(VLOOKUP(G56,'2. SMDA BHN'!$B$12:$J512,3,0))) -> 0 | H56: =IF(G56=0,0,(VLOOKUP(G56,'2. SMDA BHN'!$B$12:$H512,4,0))) -> 0 | K56: =SUMIF('PO MTRL'!$G$9:$G512,G56,'PO MTRL'!$J$9:$J512) -> 0 | L56: =+I56*J56 -> 0 | M56: =SUMIF('PO MTRL'!$G$9:$G512,G56,'PO MTRL'!$L$9:$L512) -> 0 | N56: =IF(G56=0,0,(VLOOKUP(G56,'2. SMDA BHN'!$B$12:$H512,5,0))) -> 0 | O56: =IF(G56=0,0,(VLOOKUP(G56,'2. SMDA BHN'!$B$12:$H512,7,0))) -> 0 | P56: =N56-K56 -> 0 | Q56: =O56-M56 -> 0 | R56: Cash Proyek
B57: =B56+1 -> 1048 | D57: =IF(G57="","",(VLOOKUP(G57,'2. SMDA BHN'!$B$12:$J512,2,0))) | E57: =IF(G57=0,0,(VLOOKUP(G57,'2. SMDA BHN'!$B$12:$J512,3,0))) -> 0 | H57: =IF(G57=0,0,(VLOOKUP(G57,'2. SMDA BHN'!$B$12:$H512,4,0))) -> 0 | K57: =SUMIF('PO MTRL'!$G$9:$G512,G57,'PO MTRL'!$J$9:$J512) -> 0 | L57: =+I57*J57 -> 0 | M57: =SUMIF('PO MTRL'!$G$9:$G512,G57,'PO MTRL'!$L$9:$L512) -> 0 | N57: =IF(G57=0,0,(VLOOKUP(G57,'2. SMDA BHN'!$B$12:$H512,5,0))) -> 0 | O57: =IF(G57=0,0,(VLOOKUP(G57,'2. SMDA BHN'!$B$12:$H512,7,0))) -> 0 | P57: =N57-K57 -> 0 | Q57: =O57-M57 -> 0 | R57: Cash Proyek
B58: =B57+1 -> 1049 | D58: =IF(G58="","",(VLOOKUP(G58,'2. SMDA BHN'!$B$12:$J512,2,0))) | E58: =IF(G58=0,0,(VLOOKUP(G58,'2. SMDA BHN'!$B$12:$J512,3,0))) -> 0 | H58: =IF(G58=0,0,(VLOOKUP(G58,'2. SMDA BHN'!$B$12:$H512,4,0))) -> 0 | K58: =SUMIF('PO MTRL'!$G$9:$G512,G58,'PO MTRL'!$J$9:$J512) -> 0 | L58: =+I58*J58 -> 0 | M58: =SUMIF('PO MTRL'!$G$9:$G512,G58,'PO MTRL'!$L$9:$L512) -> 0 | N58: =IF(G58=0,0,(VLOOKUP(G58,'2. SMDA BHN'!$B$12:$H512,5,0))) -> 0 | O58: =IF(G58=0,0,(VLOOKUP(G58,'2. SMDA BHN'!$B$12:$H512,7,0))) -> 0 | P58: =N58-K58 -> 0 | Q58: =O58-M58 -> 0 | R58: Cash Proyek
B59: =B58+1 -> 1050 | D59: =IF(G59="","",(VLOOKUP(G59,'2. SMDA BHN'!$B$12:$J512,2,0))) | E59: =IF(G59=0,0,(VLOOKUP(G59,'2. SMDA BHN'!$B$12:$J512,3,0))) -> 0 | H59: =IF(G59=0,0,(VLOOKUP(G59,'2. SMDA BHN'!$B$12:$H512,4,0))) -> 0 | K59: =SUMIF('PO MTRL'!$G$9:$G512,G59,'PO MTRL'!$J$9:$J512) -> 0 | L59: =+I59*J59 -> 0 | M59: =SUMIF('PO MTRL'!$G$9:$G512,G59,'PO MTRL'!$L$9:$L512) -> 0 | N59: =IF(G59=0,0,(VLOOKUP(G59,'2. SMDA BHN'!$B$12:$H512,5,0))) -> 0 | O59: =IF(G59=0,0,(VLOOKUP(G59,'2. SMDA BHN'!$B$12:$H512,7,0))) -> 0 | P59: =N59-K59 -> 0 | Q59: =O59-M59 -> 0 | R59: Cash Proyek
B60: =B59+1 -> 1051 | D60: =IF(G60="","",(VLOOKUP(G60,'2. SMDA BHN'!$B$12:$J512,2,0))) | E60: =IF(G60=0,0,(VLOOKUP(G60,'2. SMDA BHN'!$B$12:$J512,3,0))) -> 0 | H60: =IF(G60=0,0,(VLOOKUP(G60,'2. SMDA BHN'!$B$12:$H512,4,0))) -> 0 | K60: =SUMIF('PO MTRL'!$G$9:$G512,G60,'PO MTRL'!$J$9:$J512) -> 0 | L60: =+I60*J60 -> 0 | M60: =SUMIF('PO MTRL'!$G$9:$G512,G60,'PO MTRL'!$L$9:$L512) -> 0 | N60: =IF(G60=0,0,(VLOOKUP(G60,'2. SMDA BHN'!$B$12:$H512,5,0))) -> 0 | O60: =IF(G60=0,0,(VLOOKUP(G60,'2. SMDA BHN'!$B$12:$H512,7,0))) -> 0 | P60: =N60-K60 -> 0 | Q60: =O60-M60 -> 0 | R60: Cash Proyek
B61: =B60+1 -> 1052 | D61: =IF(G61="","",(VLOOKUP(G61,'2. SMDA BHN'!$B$12:$J512,2,0))) | E61: =IF(G61=0,0,(VLOOKUP(G61,'2. SMDA BHN'!$B$12:$J512,3,0))) -> 0 | H61: =IF(G61=0,0,(VLOOKUP(G61,'2. SMDA BHN'!$B$12:$H512,4,0))) -> 0 | K61: =SUMIF('PO MTRL'!$G$9:$G512,G61,'PO MTRL'!$J$9:$J512) -> 0 | L61: =+I61*J61 -> 0 | M61: =SUMIF('PO MTRL'!$G$9:$G512,G61,'PO MTRL'!$L$9:$L512) -> 0 | N61: =IF(G61=0,0,(VLOOKUP(G61,'2. SMDA BHN'!$B$12:$H512,5,0))) -> 0 | O61: =IF(G61=0,0,(VLOOKUP(G61,'2. SMDA BHN'!$B$12:$H512,7,0))) -> 0 | P61: =N61-K61 -> 0 | Q61: =O61-M61 -> 0 | R61: Cash Proyek
B62: =B61+1 -> 1053 | D62: =IF(G62="","",(VLOOKUP(G62,'2. SMDA BHN'!$B$12:$J512,2,0))) | E62: =IF(G62=0,0,(VLOOKUP(G62,'2. SMDA BHN'!$B$12:$J512,3,0))) -> 0 | H62: =IF(G62=0,0,(VLOOKUP(G62,'2. SMDA BHN'!$B$12:$H512,4,0))) -> 0 | K62: =SUMIF('PO MTRL'!$G$9:$G512,G62,'PO MTRL'!$J$9:$J512) -> 0 | L62: =+I62*J62 -> 0 | M62: =SUMIF('PO MTRL'!$G$9:$G512,G62,'PO MTRL'!$L$9:$L512) -> 0 | N62: =IF(G62=0,0,(VLOOKUP(G62,'2. SMDA BHN'!$B$12:$H512,5,0))) -> 0 | O62: =IF(G62=0,0,(VLOOKUP(G62,'2. SMDA BHN'!$B$12:$H512,7,0))) -> 0 | P62: =N62-K62 -> 0 | Q62: =O62-M62 -> 0 | R62: Cash Proyek
B63: =B62+1 -> 1054 | D63: =IF(G63="","",(VLOOKUP(G63,'2. SMDA BHN'!$B$12:$J512,2,0))) | E63: =IF(G63=0,0,(VLOOKUP(G63,'2. SMDA BHN'!$B$12:$J512,3,0))) -> 0 | H63: =IF(G63=0,0,(VLOOKUP(G63,'2. SMDA BHN'!$B$12:$H512,4,0))) -> 0 | K63: =SUMIF('PO MTRL'!$G$9:$G512,G63,'PO MTRL'!$J$9:$J512) -> 0 | L63: =+I63*J63 -> 0 | M63: =SUMIF('PO MTRL'!$G$9:$G512,G63,'PO MTRL'!$L$9:$L512) -> 0 | N63: =IF(G63=0,0,(VLOOKUP(G63,'2. SMDA BHN'!$B$12:$H512,5,0))) -> 0 | O63: =IF(G63=0,0,(VLOOKUP(G63,'2. SMDA BHN'!$B$12:$H512,7,0))) -> 0 | P63: =N63-K63 -> 0 | Q63: =O63-M63 -> 0 | R63: Cash Proyek
B64: =B63+1 -> 1055 | D64: =IF(G64="","",(VLOOKUP(G64,'2. SMDA BHN'!$B$12:$J512,2,0))) | E64: =IF(G64=0,0,(VLOOKUP(G64,'2. SMDA BHN'!$B$12:$J512,3,0))) -> 0 | H64: =IF(G64=0,0,(VLOOKUP(G64,'2. SMDA BHN'!$B$12:$H512,4,0))) -> 0 | K64: =SUMIF('PO MTRL'!$G$9:$G512,G64,'PO MTRL'!$J$9:$J512) -> 0 | L64: =+I64*J64 -> 0 | M64: =SUMIF('PO MTRL'!$G$9:$G512,G64,'PO MTRL'!$L$9:$L512) -> 0 | N64: =IF(G64=0,0,(VLOOKUP(G64,'2. SMDA BHN'!$B$12:$H512,5,0))) -> 0 | O64: =IF(G64=0,0,(VLOOKUP(G64,'2. SMDA BHN'!$B$12:$H512,7,0))) -> 0 | P64: =N64-K64 -> 0 | Q64: =O64-M64 -> 0 | R64: Cash Proyek
B65: =B64+1 -> 1056 | D65: =IF(G65="","",(VLOOKUP(G65,'2. SMDA BHN'!$B$12:$J512,2,0))) | E65: =IF(G65=0,0,(VLOOKUP(G65,'2. SMDA BHN'!$B$12:$J512,3,0))) -> 0 | H65: =IF(G65=0,0,(VLOOKUP(G65,'2. SMDA BHN'!$B$12:$H512,4,0))) -> 0 | K65: =SUMIF('PO MTRL'!$G$9:$G512,G65,'PO MTRL'!$J$9:$J512) -> 0 | L65: =+I65*J65 -> 0 | M65: =SUMIF('PO MTRL'!$G$9:$G512,G65,'PO MTRL'!$L$9:$L512) -> 0 | N65: =IF(G65=0,0,(VLOOKUP(G65,'2. SMDA BHN'!$B$12:$H512,5,0))) -> 0 | O65: =IF(G65=0,0,(VLOOKUP(G65,'2. SMDA BHN'!$B$12:$H512,7,0))) -> 0 | P65: =N65-K65 -> 0 | Q65: =O65-M65 -> 0 | R65: Cash Proyek
B66: =B65+1 -> 1057 | D66: =IF(G66="","",(VLOOKUP(G66,'2. SMDA BHN'!$B$12:$J512,2,0))) | E66: =IF(G66=0,0,(VLOOKUP(G66,'2. SMDA BHN'!$B$12:$J512,3,0))) -> 0 | H66: =IF(G66=0,0,(VLOOKUP(G66,'2. SMDA BHN'!$B$12:$H512,4,0))) -> 0 | K66: =SUMIF('PO MTRL'!$G$9:$G512,G66,'PO MTRL'!$J$9:$J512) -> 0 | L66: =+I66*J66 -> 0 | M66: =SUMIF('PO MTRL'!$G$9:$G512,G66,'PO MTRL'!$L$9:$L512) -> 0 | N66: =IF(G66=0,0,(VLOOKUP(G66,'2. SMDA BHN'!$B$12:$H512,5,0))) -> 0 | O66: =IF(G66=0,0,(VLOOKUP(G66,'2. SMDA BHN'!$B$12:$H512,7,0))) -> 0 | P66: =N66-K66 -> 0 | Q66: =O66-M66 -> 0 | R66: Cash Proyek
B67: =B66+1 -> 1058 | D67: =IF(G67="","",(VLOOKUP(G67,'2. SMDA BHN'!$B$12:$J512,2,0))) | E67: =IF(G67=0,0,(VLOOKUP(G67,'2. SMDA BHN'!$B$12:$J512,3,0))) -> 0 | H67: =IF(G67=0,0,(VLOOKUP(G67,'2. SMDA BHN'!$B$12:$H512,4,0))) -> 0 | K67: =SUMIF('PO MTRL'!$G$9:$G512,G67,'PO MTRL'!$J$9:$J512) -> 0 | L67: =+I67*J67 -> 0 | M67: =SUMIF('PO MTRL'!$G$9:$G512,G67,'PO MTRL'!$L$9:$L512) -> 0 | N67: =IF(G67=0,0,(VLOOKUP(G67,'2. SMDA BHN'!$B$12:$H512,5,0))) -> 0 | O67: =IF(G67=0,0,(VLOOKUP(G67,'2. SMDA BHN'!$B$12:$H512,7,0))) -> 0 | P67: =N67-K67 -> 0 | Q67: =O67-M67 -> 0 | R67: Cash Proyek
B68: =B67+1 -> 1059 | D68: =IF(G68="","",(VLOOKUP(G68,'2. SMDA BHN'!$B$12:$J512,2,0))) | E68: =IF(G68=0,0,(VLOOKUP(G68,'2. SMDA BHN'!$B$12:$J512,3,0))) -> 0 | H68: =IF(G68=0,0,(VLOOKUP(G68,'2. SMDA BHN'!$B$12:$H512,4,0))) -> 0 | K68: =SUMIF('PO MTRL'!$G$9:$G512,G68,'PO MTRL'!$J$9:$J512) -> 0 | L68: =+I68*J68 -> 0 | M68: =SUMIF('PO MTRL'!$G$9:$G512,G68,'PO MTRL'!$L$9:$L512) -> 0 | N68: =IF(G68=0,0,(VLOOKUP(G68,'2. SMDA BHN'!$B$12:$H512,5,0))) -> 0 | O68: =IF(G68=0,0,(VLOOKUP(G68,'2. SMDA BHN'!$B$12:$H512,7,0))) -> 0 | P68: =N68-K68 -> 0 | Q68: =O68-M68 -> 0 | R68: Cash Proyek
B69: =B68+1 -> 1060 | D69: =IF(G69="","",(VLOOKUP(G69,'2. SMDA BHN'!$B$12:$J512,2,0))) | E69: =IF(G69=0,0,(VLOOKUP(G69,'2. SMDA BHN'!$B$12:$J512,3,0))) -> 0 | H69: =IF(G69=0,0,(VLOOKUP(G69,'2. SMDA BHN'!$B$12:$H512,4,0))) -> 0 | K69: =SUMIF('PO MTRL'!$G$9:$G512,G69,'PO MTRL'!$J$9:$J512) -> 0 | L69: =+I69*J69 -> 0 | M69: =SUMIF('PO MTRL'!$G$9:$G512,G69,'PO MTRL'!$L$9:$L512) -> 0 | N69: =IF(G69=0,0,(VLOOKUP(G69,'2. SMDA BHN'!$B$12:$H512,5,0))) -> 0 | O69: =IF(G69=0,0,(VLOOKUP(G69,'2. SMDA BHN'!$B$12:$H512,7,0))) -> 0 | P69: =N69-K69 -> 0 | Q69: =O69-M69 -> 0 | R69: Cash Proyek
B70: =B69+1 -> 1061 | D70: =IF(G70="","",(VLOOKUP(G70,'2. SMDA BHN'!$B$12:$J512,2,0))) | E70: =IF(G70=0,0,(VLOOKUP(G70,'2. SMDA BHN'!$B$12:$J512,3,0))) -> 0 | H70: =IF(G70=0,0,(VLOOKUP(G70,'2. SMDA BHN'!$B$12:$H512,4,0))) -> 0 | K70: =SUMIF('PO MTRL'!$G$9:$G512,G70,'PO MTRL'!$J$9:$J512) -> 0 | L70: =+I70*J70 -> 0 | M70: =SUMIF('PO MTRL'!$G$9:$G512,G70,'PO MTRL'!$L$9:$L512) -> 0 | N70: =IF(G70=0,0,(VLOOKUP(G70,'2. SMDA BHN'!$B$12:$H512,5,0))) -> 0 | O70: =IF(G70=0,0,(VLOOKUP(G70,'2. SMDA BHN'!$B$12:$H512,7,0))) -> 0 | P70: =N70-K70 -> 0 | Q70: =O70-M70 -> 0 | R70: Cash Proyek
B71: =B70+1 -> 1062 | D71: =IF(G71="","",(VLOOKUP(G71,'2. SMDA BHN'!$B$12:$J512,2,0))) | E71: =IF(G71=0,0,(VLOOKUP(G71,'2. SMDA BHN'!$B$12:$J512,3,0))) -> 0 | H71: =IF(G71=0,0,(VLOOKUP(G71,'2. SMDA BHN'!$B$12:$H512,4,0))) -> 0 | K71: =SUMIF('PO MTRL'!$G$9:$G512,G71,'PO MTRL'!$J$9:$J512) -> 0 | L71: =+I71*J71 -> 0 | M71: =SUMIF('PO MTRL'!$G$9:$G512,G71,'PO MTRL'!$L$9:$L512) -> 0 | N71: =IF(G71=0,0,(VLOOKUP(G71,'2. SMDA BHN'!$B$12:$H512,5,0))) -> 0 | O71: =IF(G71=0,0,(VLOOKUP(G71,'2. SMDA BHN'!$B$12:$H512,7,0))) -> 0 | P71: =N71-K71 -> 0 | Q71: =O71-M71 -> 0 | R71: Cash Proyek
B72: =B71+1 -> 1063 | D72: =IF(G72="","",(VLOOKUP(G72,'2. SMDA BHN'!$B$12:$J512,2,0))) | E72: =IF(G72=0,0,(VLOOKUP(G72,'2. SMDA BHN'!$B$12:$J512,3,0))) -> 0 | H72: =IF(G72=0,0,(VLOOKUP(G72,'2. SMDA BHN'!$B$12:$H512,4,0))) -> 0 | K72: =SUMIF('PO MTRL'!$G$9:$G512,G72,'PO MTRL'!$J$9:$J512) -> 0 | L72: =+I72*J72 -> 0 | M72: =SUMIF('PO MTRL'!$G$9:$G512,G72,'PO MTRL'!$L$9:$L512) -> 0 | N72: =IF(G72=0,0,(VLOOKUP(G72,'2. SMDA BHN'!$B$12:$H512,5,0))) -> 0 | O72: =IF(G72=0,0,(VLOOKUP(G72,'2. SMDA BHN'!$B$12:$H512,7,0))) -> 0 | P72: =N72-K72 -> 0 | Q72: =O72-M72 -> 0 | R72: Cash Proyek
B73: =B72+1 -> 1064 | D73: =IF(G73="","",(VLOOKUP(G73,'2. SMDA BHN'!$B$12:$J512,2,0))) | E73: =IF(G73=0,0,(VLOOKUP(G73,'2. SMDA BHN'!$B$12:$J512,3,0))) -> 0 | H73: =IF(G73=0,0,(VLOOKUP(G73,'2. SMDA BHN'!$B$12:$H512,4,0))) -> 0 | K73: =SUMIF('PO MTRL'!$G$9:$G512,G73,'PO MTRL'!$J$9:$J512) -> 0 | L73: =+I73*J73 -> 0 | M73: =SUMIF('PO MTRL'!$G$9:$G512,G73,'PO MTRL'!$L$9:$L512) -> 0 | N73: =IF(G73=0,0,(VLOOKUP(G73,'2. SMDA BHN'!$B$12:$H512,5,0))) -> 0 | O73: =IF(G73=0,0,(VLOOKUP(G73,'2. SMDA BHN'!$B$12:$H512,7,0))) -> 0 | P73: =N73-K73 -> 0 | Q73: =O73-M73 -> 0 | R73: Cash Proyek
B74: =B73+1 -> 1065 | D74: =IF(G74="","",(VLOOKUP(G74,'2. SMDA BHN'!$B$12:$J512,2,0))) | E74: =IF(G74=0,0,(VLOOKUP(G74,'2. SMDA BHN'!$B$12:$J512,3,0))) -> 0 | H74: =IF(G74=0,0,(VLOOKUP(G74,'2. SMDA BHN'!$B$12:$H512,4,0))) -> 0 | K74: =SUMIF('PO MTRL'!$G$9:$G512,G74,'PO MTRL'!$J$9:$J512) -> 0 | L74: =+I74*J74 -> 0 | M74: =SUMIF('PO MTRL'!$G$9:$G512,G74,'PO MTRL'!$L$9:$L512) -> 0 | N74: =IF(G74=0,0,(VLOOKUP(G74,'2. SMDA BHN'!$B$12:$H512,5,0))) -> 0 | O74: =IF(G74=0,0,(VLOOKUP(G74,'2. SMDA BHN'!$B$12:$H512,7,0))) -> 0 | P74: =N74-K74 -> 0 | Q74: =O74-M74 -> 0 | R74: Cash Proyek
B75: =B74+1 -> 1066 | D75: =IF(G75="","",(VLOOKUP(G75,'2. SMDA BHN'!$B$12:$J512,2,0))) | E75: =IF(G75=0,0,(VLOOKUP(G75,'2. SMDA BHN'!$B$12:$J512,3,0))) -> 0 | H75: =IF(G75=0,0,(VLOOKUP(G75,'2. SMDA BHN'!$B$12:$H512,4,0))) -> 0 | K75: =SUMIF('PO MTRL'!$G$9:$G512,G75,'PO MTRL'!$J$9:$J512) -> 0 | L75: =+I75*J75 -> 0 | M75: =SUMIF('PO MTRL'!$G$9:$G512,G75,'PO MTRL'!$L$9:$L512) -> 0 | N75: =IF(G75=0,0,(VLOOKUP(G75,'2. SMDA BHN'!$B$12:$H512,5,0))) -> 0 | O75: =IF(G75=0,0,(VLOOKUP(G75,'2. SMDA BHN'!$B$12:$H512,7,0))) -> 0 | P75: =N75-K75 -> 0 | Q75: =O75-M75 -> 0 | R75: Cash Proyek
B76: =B75+1 -> 1067 | D76: =IF(G76="","",(VLOOKUP(G76,'2. SMDA BHN'!$B$12:$J512,2,0))) | E76: =IF(G76=0,0,(VLOOKUP(G76,'2. SMDA BHN'!$B$12:$J512,3,0))) -> 0 | H76: =IF(G76=0,0,(VLOOKUP(G76,'2. SMDA BHN'!$B$12:$H512,4,0))) -> 0 | K76: =SUMIF('PO MTRL'!$G$9:$G512,G76,'PO MTRL'!$J$9:$J512) -> 0 | L76: =+I76*J76 -> 0 | M76: =SUMIF('PO MTRL'!$G$9:$G512,G76,'PO MTRL'!$L$9:$L512) -> 0 | N76: =IF(G76=0,0,(VLOOKUP(G76,'2. SMDA BHN'!$B$12:$H512,5,0))) -> 0 | O76: =IF(G76=0,0,(VLOOKUP(G76,'2. SMDA BHN'!$B$12:$H512,7,0))) -> 0 | P76: =N76-K76 -> 0 | Q76: =O76-M76 -> 0 | R76: Cash Proyek
B77: =B76+1 -> 1068 | D77: =IF(G77="","",(VLOOKUP(G77,'2. SMDA BHN'!$B$12:$J512,2,0))) | E77: =IF(G77=0,0,(VLOOKUP(G77,'2. SMDA BHN'!$B$12:$J512,3,0))) -> 0 | H77: =IF(G77=0,0,(VLOOKUP(G77,'2. SMDA BHN'!$B$12:$H512,4,0))) -> 0 | K77: =SUMIF('PO MTRL'!$G$9:$G512,G77,'PO MTRL'!$J$9:$J512) -> 0 | L77: =+I77*J77 -> 0 | M77: =SUMIF('PO MTRL'!$G$9:$G512,G77,'PO MTRL'!$L$9:$L512) -> 0 | N77: =IF(G77=0,0,(VLOOKUP(G77,'2. SMDA BHN'!$B$12:$H512,5,0))) -> 0 | O77: =IF(G77=0,0,(VLOOKUP(G77,'2. SMDA BHN'!$B$12:$H512,7,0))) -> 0 | P77: =N77-K77 -> 0 | Q77: =O77-M77 -> 0 | R77: Cash Proyek
B78: =B77+1 -> 1069 | D78: =IF(G78="","",(VLOOKUP(G78,'2. SMDA BHN'!$B$12:$J512,2,0))) | E78: =IF(G78=0,0,(VLOOKUP(G78,'2. SMDA BHN'!$B$12:$J512,3,0))) -> 0 | H78: =IF(G78=0,0,(VLOOKUP(G78,'2. SMDA BHN'!$B$12:$H512,4,0))) -> 0 | K78: =SUMIF('PO MTRL'!$G$9:$G512,G78,'PO MTRL'!$J$9:$J512) -> 0 | L78: =+I78*J78 -> 0 | M78: =SUMIF('PO MTRL'!$G$9:$G512,G78,'PO MTRL'!$L$9:$L512) -> 0 | N78: =IF(G78=0,0,(VLOOKUP(G78,'2. SMDA BHN'!$B$12:$H512,5,0))) -> 0 | O78: =IF(G78=0,0,(VLOOKUP(G78,'2. SMDA BHN'!$B$12:$H512,7,0))) -> 0 | P78: =N78-K78 -> 0 | Q78: =O78-M78 -> 0 | R78: Cash Proyek
B79: =B78+1 -> 1070 | D79: =IF(G79="","",(VLOOKUP(G79,'2. SMDA BHN'!$B$12:$J512,2,0))) | E79: =IF(G79=0,0,(VLOOKUP(G79,'2. SMDA BHN'!$B$12:$J512,3,0))) -> 0 | H79: =IF(G79=0,0,(VLOOKUP(G79,'2. SMDA BHN'!$B$12:$H512,4,0))) -> 0 | K79: =SUMIF('PO MTRL'!$G$9:$G512,G79,'PO MTRL'!$J$9:$J512) -> 0 | L79: =+I79*J79 -> 0 | M79: =SUMIF('PO MTRL'!$G$9:$G512,G79,'PO MTRL'!$L$9:$L512) -> 0 | N79: =IF(G79=0,0,(VLOOKUP(G79,'2. SMDA BHN'!$B$12:$H512,5,0))) -> 0 | O79: =IF(G79=0,0,(VLOOKUP(G79,'2. SMDA BHN'!$B$12:$H512,7,0))) -> 0 | P79: =N79-K79 -> 0 | Q79: =O79-M79 -> 0 | R79: Cash Proyek
B80: =B79+1 -> 1071 | D80: =IF(G80="","",(VLOOKUP(G80,'2. SMDA BHN'!$B$12:$J512,2,0))) | E80: =IF(G80=0,0,(VLOOKUP(G80,'2. SMDA BHN'!$B$12:$J512,3,0))) -> 0 | H80: =IF(G80=0,0,(VLOOKUP(G80,'2. SMDA BHN'!$B$12:$H512,4,0))) -> 0 | K80: =SUMIF('PO MTRL'!$G$9:$G512,G80,'PO MTRL'!$J$9:$J512) -> 0 | L80: =+I80*J80 -> 0 | M80: =SUMIF('PO MTRL'!$G$9:$G512,G80,'PO MTRL'!$L$9:$L512) -> 0 | N80: =IF(G80=0,0,(VLOOKUP(G80,'2. SMDA BHN'!$B$12:$H512,5,0))) -> 0 | O80: =IF(G80=0,0,(VLOOKUP(G80,'2. SMDA BHN'!$B$12:$H512,7,0))) -> 0 | P80: =N80-K80 -> 0 | Q80: =O80-M80 -> 0 | R80: Cash Proyek
B81: =B80+1 -> 1072 | D81: =IF(G81="","",(VLOOKUP(G81,'2. SMDA BHN'!$B$12:$J512,2,0))) | E81: =IF(G81=0,0,(VLOOKUP(G81,'2. SMDA BHN'!$B$12:$J512,3,0))) -> 0 | H81: =IF(G81=0,0,(VLOOKUP(G81,'2. SMDA BHN'!$B$12:$H512,4,0))) -> 0 | K81: =SUMIF('PO MTRL'!$G$9:$G512,G81,'PO MTRL'!$J$9:$J512) -> 0 | L81: =+I81*J81 -> 0 | M81: =SUMIF('PO MTRL'!$G$9:$G512,G81,'PO MTRL'!$L$9:$L512) -> 0 | N81: =IF(G81=0,0,(VLOOKUP(G81,'2. SMDA BHN'!$B$12:$H512,5,0))) -> 0 | O81: =IF(G81=0,0,(VLOOKUP(G81,'2. SMDA BHN'!$B$12:$H512,7,0))) -> 0 | P81: =N81-K81 -> 0 | Q81: =O81-M81 -> 0 | R81: Cash Proyek
B82: =B81+1 -> 1073 | D82: =IF(G82="","",(VLOOKUP(G82,'2. SMDA BHN'!$B$12:$J512,2,0))) | E82: =IF(G82=0,0,(VLOOKUP(G82,'2. SMDA BHN'!$B$12:$J512,3,0))) -> 0 | H82: =IF(G82=0,0,(VLOOKUP(G82,'2. SMDA BHN'!$B$12:$H512,4,0))) -> 0 | K82: =SUMIF('PO MTRL'!$G$9:$G512,G82,'PO MTRL'!$J$9:$J512) -> 0 | L82: =+I82*J82 -> 0 | M82: =SUMIF('PO MTRL'!$G$9:$G512,G82,'PO MTRL'!$L$9:$L512) -> 0 | N82: =IF(G82=0,0,(VLOOKUP(G82,'2. SMDA BHN'!$B$12:$H512,5,0))) -> 0 | O82: =IF(G82=0,0,(VLOOKUP(G82,'2. SMDA BHN'!$B$12:$H512,7,0))) -> 0 | P82: =N82-K82 -> 0 | Q82: =O82-M82 -> 0 | R82: Cash Proyek
B83: =B82+1 -> 1074 | D83: =IF(G83="","",(VLOOKUP(G83,'2. SMDA BHN'!$B$12:$J512,2,0))) | E83: =IF(G83=0,0,(VLOOKUP(G83,'2. SMDA BHN'!$B$12:$J512,3,0))) -> 0 | H83: =IF(G83=0,0,(VLOOKUP(G83,'2. SMDA BHN'!$B$12:$H512,4,0))) -> 0 | K83: =SUMIF('PO MTRL'!$G$9:$G512,G83,'PO MTRL'!$J$9:$J512) -> 0 | L83: =+I83*J83 -> 0 | M83: =SUMIF('PO MTRL'!$G$9:$G512,G83,'PO MTRL'!$L$9:$L512) -> 0 | N83: =IF(G83=0,0,(VLOOKUP(G83,'2. SMDA BHN'!$B$12:$H512,5,0))) -> 0 | O83: =IF(G83=0,0,(VLOOKUP(G83,'2. SMDA BHN'!$B$12:$H512,7,0))) -> 0 | P83: =N83-K83 -> 0 | Q83: =O83-M83 -> 0 | R83: Cash Proyek
B84: =B83+1 -> 1075 | D84: =IF(G84="","",(VLOOKUP(G84,'2. SMDA BHN'!$B$12:$J512,2,0))) | E84: =IF(G84=0,0,(VLOOKUP(G84,'2. SMDA BHN'!$B$12:$J512,3,0))) -> 0 | H84: =IF(G84=0,0,(VLOOKUP(G84,'2. SMDA BHN'!$B$12:$H512,4,0))) -> 0 | K84: =SUMIF('PO MTRL'!$G$9:$G512,G84,'PO MTRL'!$J$9:$J512) -> 0 | L84: =+I84*J84 -> 0 | M84: =SUMIF('PO MTRL'!$G$9:$G512,G84,'PO MTRL'!$L$9:$L512) -> 0 | N84: =IF(G84=0,0,(VLOOKUP(G84,'2. SMDA BHN'!$B$12:$H512,5,0))) -> 0 | O84: =IF(G84=0,0,(VLOOKUP(G84,'2. SMDA BHN'!$B$12:$H512,7,0))) -> 0 | P84: =N84-K84 -> 0 | Q84: =O84-M84 -> 0 | R84: Cash Proyek
B85: =B84+1 -> 1076 | D85: =IF(G85="","",(VLOOKUP(G85,'2. SMDA BHN'!$B$12:$J512,2,0))) | E85: =IF(G85=0,0,(VLOOKUP(G85,'2. SMDA BHN'!$B$12:$J512,3,0))) -> 0 | H85: =IF(G85=0,0,(VLOOKUP(G85,'2. SMDA BHN'!$B$12:$H512,4,0))) -> 0 | K85: =SUMIF('PO MTRL'!$G$9:$G512,G85,'PO MTRL'!$J$9:$J512) -> 0 | L85: =+I85*J85 -> 0 | M85: =SUMIF('PO MTRL'!$G$9:$G512,G85,'PO MTRL'!$L$9:$L512) -> 0 | N85: =IF(G85=0,0,(VLOOKUP(G85,'2. SMDA BHN'!$B$12:$H512,5,0))) -> 0 | O85: =IF(G85=0,0,(VLOOKUP(G85,'2. SMDA BHN'!$B$12:$H512,7,0))) -> 0 | P85: =N85-K85 -> 0 | Q85: =O85-M85 -> 0 | R85: Cash Proyek
B86: =B85+1 -> 1077 | D86: =IF(G86="","",(VLOOKUP(G86,'2. SMDA BHN'!$B$12:$J512,2,0))) | E86: =IF(G86=0,0,(VLOOKUP(G86,'2. SMDA BHN'!$B$12:$J512,3,0))) -> 0 | H86: =IF(G86=0,0,(VLOOKUP(G86,'2. SMDA BHN'!$B$12:$H512,4,0))) -> 0 | K86: =SUMIF('PO MTRL'!$G$9:$G512,G86,'PO MTRL'!$J$9:$J512) -> 0 | L86: =+I86*J86 -> 0 | M86: =SUMIF('PO MTRL'!$G$9:$G512,G86,'PO MTRL'!$L$9:$L512) -> 0 | N86: =IF(G86=0,0,(VLOOKUP(G86,'2. SMDA BHN'!$B$12:$H512,5,0))) -> 0 | O86: =IF(G86=0,0,(VLOOKUP(G86,'2. SMDA BHN'!$B$12:$H512,7,0))) -> 0 | P86: =N86-K86 -> 0 | Q86: =O86-M86 -> 0 | R86: Cash Proyek
B87: =B86+1 -> 1078 | D87: =IF(G87="","",(VLOOKUP(G87,'2. SMDA BHN'!$B$12:$J512,2,0))) | E87: =IF(G87=0,0,(VLOOKUP(G87,'2. SMDA BHN'!$B$12:$J512,3,0))) -> 0 | H87: =IF(G87=0,0,(VLOOKUP(G87,'2. SMDA BHN'!$B$12:$H512,4,0))) -> 0 | K87: =SUMIF('PO MTRL'!$G$9:$G512,G87,'PO MTRL'!$J$9:$J512) -> 0 | L87: =+I87*J87 -> 0 | M87: =SUMIF('PO MTRL'!$G$9:$G512,G87,'PO MTRL'!$L$9:$L512) -> 0 | N87: =IF(G87=0,0,(VLOOKUP(G87,'2. SMDA BHN'!$B$12:$H512,5,0))) -> 0 | O87: =IF(G87=0,0,(VLOOKUP(G87,'2. SMDA BHN'!$B$12:$H512,7,0))) -> 0 | P87: =N87-K87 -> 0 | Q87: =O87-M87 -> 0 | R87: Cash Proyek
B88: =B87+1 -> 1079 | D88: =IF(G88="","",(VLOOKUP(G88,'2. SMDA BHN'!$B$12:$J512,2,0))) | E88: =IF(G88=0,0,(VLOOKUP(G88,'2. SMDA BHN'!$B$12:$J512,3,0))) -> 0 | H88: =IF(G88=0,0,(VLOOKUP(G88,'2. SMDA BHN'!$B$12:$H512,4,0))) -> 0 | K88: =SUMIF('PO MTRL'!$G$9:$G512,G88,'PO MTRL'!$J$9:$J512) -> 0 | L88: =+I88*J88 -> 0 | M88: =SUMIF('PO MTRL'!$G$9:$G512,G88,'PO MTRL'!$L$9:$L512) -> 0 | N88: =IF(G88=0,0,(VLOOKUP(G88,'2. SMDA BHN'!$B$12:$H512,5,0))) -> 0 | O88: =IF(G88=0,0,(VLOOKUP(G88,'2. SMDA BHN'!$B$12:$H512,7,0))) -> 0 | P88: =N88-K88 -> 0 | Q88: =O88-M88 -> 0 | R88: Cash Proyek
B89: =B88+1 -> 1080 | D89: =IF(G89="","",(VLOOKUP(G89,'2. SMDA BHN'!$B$12:$J512,2,0))) | E89: =IF(G89=0,0,(VLOOKUP(G89,'2. SMDA BHN'!$B$12:$J512,3,0))) -> 0 | H89: =IF(G89=0,0,(VLOOKUP(G89,'2. SMDA BHN'!$B$12:$H512,4,0))) -> 0 | K89: =SUMIF('PO MTRL'!$G$9:$G512,G89,'PO MTRL'!$J$9:$J512) -> 0 | L89: =+I89*J89 -> 0 | M89: =SUMIF('PO MTRL'!$G$9:$G512,G89,'PO MTRL'!$L$9:$L512) -> 0 | N89: =IF(G89=0,0,(VLOOKUP(G89,'2. SMDA BHN'!$B$12:$H512,5,0))) -> 0 | O89: =IF(G89=0,0,(VLOOKUP(G89,'2. SMDA BHN'!$B$12:$H512,7,0))) -> 0 | P89: =N89-K89 -> 0 | Q89: =O89-M89 -> 0 | R89: Cash Proyek
B90: =B89+1 -> 1081 | D90: =IF(G90="","",(VLOOKUP(G90,'2. SMDA BHN'!$B$12:$J512,2,0))) | E90: =IF(G90=0,0,(VLOOKUP(G90,'2. SMDA BHN'!$B$12:$J512,3,0))) -> 0 | H90: =IF(G90=0,0,(VLOOKUP(G90,'2. SMDA BHN'!$B$12:$H512,4,0))) -> 0 | K90: =SUMIF('PO MTRL'!$G$9:$G512,G90,'PO MTRL'!$J$9:$J512) -> 0 | L90: =+I90*J90 -> 0 | M90: =SUMIF('PO MTRL'!$G$9:$G512,G90,'PO MTRL'!$L$9:$L512) -> 0 | N90: =IF(G90=0,0,(VLOOKUP(G90,'2. SMDA BHN'!$B$12:$H512,5,0))) -> 0 | O90: =IF(G90=0,0,(VLOOKUP(G90,'2. SMDA BHN'!$B$12:$H512,7,0))) -> 0 | P90: =N90-K90 -> 0 | Q90: =O90-M90 -> 0 | R90: Cash Proyek
B91: =B90+1 -> 1082 | D91: =IF(G91="","",(VLOOKUP(G91,'2. SMDA BHN'!$B$12:$J512,2,0))) | E91: =IF(G91=0,0,(VLOOKUP(G91,'2. SMDA BHN'!$B$12:$J512,3,0))) -> 0 | H91: =IF(G91=0,0,(VLOOKUP(G91,'2. SMDA BHN'!$B$12:$H512,4,0))) -> 0 | K91: =SUMIF('PO MTRL'!$G$9:$G512,G91,'PO MTRL'!$J$9:$J512) -> 0 | L91: =+I91*J91 -> 0 | M91: =SUMIF('PO MTRL'!$G$9:$G512,G91,'PO MTRL'!$L$9:$L512) -> 0 | N91: =IF(G91=0,0,(VLOOKUP(G91,'2. SMDA BHN'!$B$12:$H512,5,0))) -> 0 | O91: =IF(G91=0,0,(VLOOKUP(G91,'2. SMDA BHN'!$B$12:$H512,7,0))) -> 0 | P91: =N91-K91 -> 0 | Q91: =O91-M91 -> 0 | R91: Cash Proyek
B92: =B91+1 -> 1083 | D92: =IF(G92="","",(VLOOKUP(G92,'2. SMDA BHN'!$B$12:$J512,2,0))) | E92: =IF(G92=0,0,(VLOOKUP(G92,'2. SMDA BHN'!$B$12:$J512,3,0))) -> 0 | H92: =IF(G92=0,0,(VLOOKUP(G92,'2. SMDA BHN'!$B$12:$H512,4,0))) -> 0 | K92: =SUMIF('PO MTRL'!$G$9:$G512,G92,'PO MTRL'!$J$9:$J512) -> 0 | L92: =+I92*J92 -> 0 | M92: =SUMIF('PO MTRL'!$G$9:$G512,G92,'PO MTRL'!$L$9:$L512) -> 0 | N92: =IF(G92=0,0,(VLOOKUP(G92,'2. SMDA BHN'!$B$12:$H512,5,0))) -> 0 | O92: =IF(G92=0,0,(VLOOKUP(G92,'2. SMDA BHN'!$B$12:$H512,7,0))) -> 0 | P92: =N92-K92 -> 0 | Q92: =O92-M92 -> 0 | R92: Cash Proyek
B93: =B92+1 -> 1084 | D93: =IF(G93="","",(VLOOKUP(G93,'2. SMDA BHN'!$B$12:$J512,2,0))) | E93: =IF(G93=0,0,(VLOOKUP(G93,'2. SMDA BHN'!$B$12:$J512,3,0))) -> 0 | H93: =IF(G93=0,0,(VLOOKUP(G93,'2. SMDA BHN'!$B$12:$H512,4,0))) -> 0 | K93: =SUMIF('PO MTRL'!$G$9:$G512,G93,'PO MTRL'!$J$9:$J512) -> 0 | L93: =+I93*J93 -> 0 | M93: =SUMIF('PO MTRL'!$G$9:$G512,G93,'PO MTRL'!$L$9:$L512) -> 0 | N93: =IF(G93=0,0,(VLOOKUP(G93,'2. SMDA BHN'!$B$12:$H512,5,0))) -> 0 | O93: =IF(G93=0,0,(VLOOKUP(G93,'2. SMDA BHN'!$B$12:$H512,7,0))) -> 0 | P93: =N93-K93 -> 0 | Q93: =O93-M93 -> 0 | R93: Cash Proyek
B94: =B93+1 -> 1085 | D94: =IF(G94="","",(VLOOKUP(G94,'2. SMDA BHN'!$B$12:$J512,2,0))) | E94: =IF(G94=0,0,(VLOOKUP(G94,'2. SMDA BHN'!$B$12:$J512,3,0))) -> 0 | H94: =IF(G94=0,0,(VLOOKUP(G94,'2. SMDA BHN'!$B$12:$H512,4,0))) -> 0 | K94: =SUMIF('PO MTRL'!$G$9:$G512,G94,'PO MTRL'!$J$9:$J512) -> 0 | L94: =+I94*J94 -> 0 | M94: =SUMIF('PO MTRL'!$G$9:$G512,G94,'PO MTRL'!$L$9:$L512) -> 0 | N94: =IF(G94=0,0,(VLOOKUP(G94,'2. SMDA BHN'!$B$12:$H512,5,0))) -> 0 | O94: =IF(G94=0,0,(VLOOKUP(G94,'2. SMDA BHN'!$B$12:$H512,7,0))) -> 0 | P94: =N94-K94 -> 0 | Q94: =O94-M94 -> 0 | R94: Cash Proyek
B95: =B94+1 -> 1086 | D95: =IF(G95="","",(VLOOKUP(G95,'2. SMDA BHN'!$B$12:$J512,2,0))) | E95: =IF(G95=0,0,(VLOOKUP(G95,'2. SMDA BHN'!$B$12:$J512,3,0))) -> 0 | H95: =IF(G95=0,0,(VLOOKUP(G95,'2. SMDA BHN'!$B$12:$H512,4,0))) -> 0 | K95: =SUMIF('PO MTRL'!$G$9:$G512,G95,'PO MTRL'!$J$9:$J512) -> 0 | L95: =+I95*J95 -> 0 | M95: =SUMIF('PO MTRL'!$G$9:$G512,G95,'PO MTRL'!$L$9:$L512) -> 0 | N95: =IF(G95=0,0,(VLOOKUP(G95,'2. SMDA BHN'!$B$12:$H512,5,0))) -> 0 | O95: =IF(G95=0,0,(VLOOKUP(G95,'2. SMDA BHN'!$B$12:$H512,7,0))) -> 0 | P95: =N95-K95 -> 0 | Q95: =O95-M95 -> 0 | R95: Cash Proyek
B96: =B95+1 -> 1087 | D96: =IF(G96="","",(VLOOKUP(G96,'2. SMDA BHN'!$B$12:$J512,2,0))) | E96: =IF(G96=0,0,(VLOOKUP(G96,'2. SMDA BHN'!$B$12:$J512,3,0))) -> 0 | H96: =IF(G96=0,0,(VLOOKUP(G96,'2. SMDA BHN'!$B$12:$H512,4,0))) -> 0 | K96: =SUMIF('PO MTRL'!$G$9:$G512,G96,'PO MTRL'!$J$9:$J512) -> 0 | L96: =+I96*J96 -> 0 | M96: =SUMIF('PO MTRL'!$G$9:$G512,G96,'PO MTRL'!$L$9:$L512) -> 0 | N96: =IF(G96=0,0,(VLOOKUP(G96,'2. SMDA BHN'!$B$12:$H512,5,0))) -> 0 | O96: =IF(G96=0,0,(VLOOKUP(G96,'2. SMDA BHN'!$B$12:$H512,7,0))) -> 0 | P96: =N96-K96 -> 0 | Q96: =O96-M96 -> 0 | R96: Cash Proyek
B97: =B96+1 -> 1088 | D97: =IF(G97="","",(VLOOKUP(G97,'2. SMDA BHN'!$B$12:$J512,2,0))) | E97: =IF(G97=0,0,(VLOOKUP(G97,'2. SMDA BHN'!$B$12:$J512,3,0))) -> 0 | H97: =IF(G97=0,0,(VLOOKUP(G97,'2. SMDA BHN'!$B$12:$H512,4,0))) -> 0 | K97: =SUMIF('PO MTRL'!$G$9:$G512,G97,'PO MTRL'!$J$9:$J512) -> 0 | L97: =+I97*J97 -> 0 | M97: =SUMIF('PO MTRL'!$G$9:$G512,G97,'PO MTRL'!$L$9:$L512) -> 0 | N97: =IF(G97=0,0,(VLOOKUP(G97,'2. SMDA BHN'!$B$12:$H512,5,0))) -> 0 | O97: =IF(G97=0,0,(VLOOKUP(G97,'2. SMDA BHN'!$B$12:$H512,7,0))) -> 0 | P97: =N97-K97 -> 0 | Q97: =O97-M97 -> 0 | R97: Cash Proyek
B98: =B97+1 -> 1089 | D98: =IF(G98="","",(VLOOKUP(G98,'2. SMDA BHN'!$B$12:$J512,2,0))) | E98: =IF(G98=0,0,(VLOOKUP(G98,'2. SMDA BHN'!$B$12:$J512,3,0))) -> 0 | H98: =IF(G98=0,0,(VLOOKUP(G98,'2. SMDA BHN'!$B$12:$H512,4,0))) -> 0 | K98: =SUMIF('PO MTRL'!$G$9:$G512,G98,'PO MTRL'!$J$9:$J512) -> 0 | L98: =+I98*J98 -> 0 | M98: =SUMIF('PO MTRL'!$G$9:$G512,G98,'PO MTRL'!$L$9:$L512) -> 0 | N98: =IF(G98=0,0,(VLOOKUP(G98,'2. SMDA BHN'!$B$12:$H512,5,0))) -> 0 | O98: =IF(G98=0,0,(VLOOKUP(G98,'2. SMDA BHN'!$B$12:$H512,7,0))) -> 0 | P98: =N98-K98 -> 0 | Q98: =O98-M98 -> 0 | R98: Cash Proyek
B99: =B98+1 -> 1090 | D99: =IF(G99="","",(VLOOKUP(G99,'2. SMDA BHN'!$B$12:$J512,2,0))) | E99: =IF(G99=0,0,(VLOOKUP(G99,'2. SMDA BHN'!$B$12:$J512,3,0))) -> 0 | H99: =IF(G99=0,0,(VLOOKUP(G99,'2. SMDA BHN'!$B$12:$H512,4,0))) -> 0 | K99: =SUMIF('PO MTRL'!$G$9:$G512,G99,'PO MTRL'!$J$9:$J512) -> 0 | L99: =+I99*J99 -> 0 | M99: =SUMIF('PO MTRL'!$G$9:$G512,G99,'PO MTRL'!$L$9:$L512) -> 0 | N99: =IF(G99=0,0,(VLOOKUP(G99,'2. SMDA BHN'!$B$12:$H512,5,0))) -> 0 | O99: =IF(G99=0,0,(VLOOKUP(G99,'2. SMDA BHN'!$B$12:$H512,7,0))) -> 0 | P99: =N99-K99 -> 0 | Q99: =O99-M99 -> 0 | R99: Cash Proyek
B100: =B99+1 -> 1091 | D100: =IF(G100="","",(VLOOKUP(G100,'2. SMDA BHN'!$B$12:$J512,2,0))) | E100: =IF(G100=0,0,(VLOOKUP(G100,'2. SMDA BHN'!$B$12:$J512,3,0))) -> 0 | H100: =IF(G100=0,0,(VLOOKUP(G100,'2. SMDA BHN'!$B$12:$H512,4,0))) -> 0 | K100: =SUMIF('PO MTRL'!$G$9:$G512,G100,'PO MTRL'!$J$9:$J512) -> 0 | L100: =+I100*J100 -> 0 | M100: =SUMIF('PO MTRL'!$G$9:$G512,G100,'PO MTRL'!$L$9:$L512) -> 0 | N100: =IF(G100=0,0,(VLOOKUP(G100,'2. SMDA BHN'!$B$12:$H512,5,0))) -> 0 | O100: =IF(G100=0,0,(VLOOKUP(G100,'2. SMDA BHN'!$B$12:$H512,7,0))) -> 0 | P100: =N100-K100 -> 0 | Q100: =O100-M100 -> 0 | R100: Cash Proyek
B101: =B100+1 -> 1092 | D101: =IF(G101="","",(VLOOKUP(G101,'2. SMDA BHN'!$B$12:$J512,2,0))) | E101: =IF(G101=0,0,(VLOOKUP(G101,'2. SMDA BHN'!$B$12:$J512,3,0))) -> 0 | H101: =IF(G101=0,0,(VLOOKUP(G101,'2. SMDA BHN'!$B$12:$H512,4,0))) -> 0 | K101: =SUMIF('PO MTRL'!$G$9:$G512,G101,'PO MTRL'!$J$9:$J512) -> 0 | L101: =+I101*J101 -> 0 | M101: =SUMIF('PO MTRL'!$G$9:$G512,G101,'PO MTRL'!$L$9:$L512) -> 0 | N101: =IF(G101=0,0,(VLOOKUP(G101,'2. SMDA BHN'!$B$12:$H512,5,0))) -> 0 | O101: =IF(G101=0,0,(VLOOKUP(G101,'2. SMDA BHN'!$B$12:$H512,7,0))) -> 0 | P101: =N101-K101 -> 0 | Q101: =O101-M101 -> 0 | R101: Cash Proyek
...

Sheet MTRL MSK (TPDP)
B1: KONTROL MATERIAL MASUK | S1: PERHATIAN : > ISI KOLOM WARNA KUNING > SHEET TANDA KUNCI SEBAGAI REFERENSI (Tdk bisa diedit, tapi bisa dicoppy)
G3: PIC: LOGISTIK PROYEK | M3: =SUM(M9:M1518) -> 78092000 | W3: CATATAN :
W4: 1. AA7 - AC7
B5: NOMOR | C5: NOMOR | D5: NOMOR | E5: KODE | F5: KODE | G5: TANGGAL | H5: JENIS MATERIAL | I5: SATUAN | J5: HARSAT | K5: KUANTITAS MTR MSK (TPDP) | M5: JML HRG MTR MSK (TPDP) | O5: AKUM PO (DIV+PROYK) | Q5: SELISIH TPDP THD PO | S5: NAMA SUPLYER | T5: ASET | U5: KETERANGAN | AA5: KOLOM BANTUAN DROPDOWN TIGA KOLOM
B6: TPDP | C6: URUT PO | D6: PO | E6: AKUN | F6: MATERIAL | J6: PO | K6: SAAT INI | L6: AKUM | M6: SAAT INI | N6: AKUM | O6: KUANTITAS | P6: JML HRG | Q6: KUANTITAS | R6: JML HRG | W6: KOLOM BANTUAN | AA6: DATA-1 | AB6: DATA-2 | AC6: DATA-3 | AD6: FILTER-1 | AE6: FILTER-2 | AF6: FILTER-3 | AG6: GABUNG 1+2+3
B7: A | C7: B | D7: C | E7: D | F7: E | G7: F | H7: G | I7: H | J7: I | K7: J | L7: K | M7: L= I x J | N7: M | O7: N | P7: O | Q7: P= N - K | R7: Q= O - M | S7: R | T7: S | U7: T | AA7: =IFERROR(__xludf.DUMMYFUNCTION("IMPORTRANGE(""https://docs.google.com/spreadsheets/d/1j-8kBYYPqmcXqtsp1nk42pAatSq0tHG-RvDmkOpWhbc/edit?gid=1519252238#gid=1519252238"",""PO MTRL!$B$7:$B"")"),"A") -> A | AB7: =IFERROR(__xludf.DUMMYFUNCTION("IMPORTRANGE(""https://docs.google.com/spreadsheets/d/1j-8kBYYPqmcXqtsp1nk42pAatSq0tHG-RvDmkOpWhbc/edit?gid=1519252238#gid=1519252238"",""PO MTRL!$G$7:$G"")"),"F") -> F | AC7: =IFERROR(__xludf.DUMMYFUNCTION("IMPORTRANGE(""https://docs.google.com/spreadsheets/d/1j-8kBYYPqmcXqtsp1nk42pAatSq0tHG-RvDmkOpWhbc/edit?gid=1519252238#gid=1519252238"",""PO MTRL!$c$7:$c"")"),"B") -> B
Y8: ASET
B9: TPDP1 | C9: 1 | D9: =IF(C9=0,0,(VLOOKUP(C9,'PO MTRL'!$B$9:$S1518,2,0))) -> PO1 | E9: =IF(C9="","",(VLOOKUP(C9,'PO MTRL'!$B$9:$S1518,3,0))) -> 2 | F9: =IF(C9=0,0,(VLOOKUP(C9,'PO MTRL'!$B$9:$S1518,4,0))) -> M002 | G9: 46158 | H9: =IF(C9=0,0,(VLOOKUP(C9,'PO MTRL'!$B$9:$S1518,6,0))) -> Baja Tul Ulir | I9: =IF(C9=0,0,(VLOOKUP(C9,'PO MTRL'!$B$9:$S1518,7,0))) -> KG | J9: =IF(C9=0,0,(VLOOKUP(C9,'PO MTRL'!$B$9:$S1518,8,0))) -> 8500 | K9: 3000 | L9: =SUMIF($H$8:$H$502,H9,$K$8:$K1518) -> 5000 | M9: =J9*K9 -> 25500000 | N9: =SUMIF($H$8:$H$502,H9,$M$8:$M1518) -> 43500000 | O9: =IF(H9=0,0,(VLOOKUP(H9,'PO MTRL'!$G$9:$S1518,5,0))) -> 7000 | P9: =IF(H9=0,0,(VLOOKUP(H9,'PO MTRL'!$G$9:$S1518,7,0))) -> 60500000 | Q9: =O9-L9 -> 2000 | R9: =P9-N9 -> 17000000 | S9: =IF(C9=0,0,(VLOOKUP(C9,'PO MTRL'!$B$9:$S1518,17,0))) -> KKK | W9: =B9 -> TPDP1 | X9: =F9 -> M002 | Y9: - | AA9: =IFERROR(__xludf.DUMMYFUNCTION("""COMPUTED_VALUE"""),1.0) -> 1 | AB9: =IFERROR(__xludf.DUMMYFUNCTION("""COMPUTED_VALUE""")," Baja Tul Ulir ") -> Baja Tul Ulir | AC9: =IFERROR(__xludf.DUMMYFUNCTION("""COMPUTED_VALUE"""),"PO1") -> PO1 | AD9: =IFERROR(__xludf.DUMMYFUNCTION("FILTER((AA9:AC1518),AB9:AB1518<>"""")"),1.0) -> 1 | AE9: =IFERROR(__xludf.DUMMYFUNCTION("""COMPUTED_VALUE""")," Baja Tul Ulir ") -> Baja Tul Ulir | AF9: =IFERROR(__xludf.DUMMYFUNCTION("""COMPUTED_VALUE"""),"PO1") -> PO1 | AG9: =AD9&" ---> "&AE9&" ---> "&AF9 -> 1 ---> Baja Tul Ulir ---> PO1
B10: TPDP2 | C10: 2 | D10: =IF(C10=0,0,(VLOOKUP(C10,'PO MTRL'!$B$9:$S1518,2,0))) -> PO2 | E10: =IF(C10="","",(VLOOKUP(C10,'PO MTRL'!$B$9:$S1518,3,0))) -> 2 | F10: =IF(C10=0,0,(VLOOKUP(C10,'PO MTRL'!$B$9:$S1518,4,0))) -> M002 | G10: 46159 | H10: =IF(C10=0,0,(VLOOKUP(C10,'PO MTRL'!$B$9:$S1518,6,0))) -> Baja Tul Ulir | I10: =IF(C10=0,0,(VLOOKUP(C10,'PO MTRL'!$B$9:$S1518,7,0))) -> KG | J10: =IF(C10=0,0,(VLOOKUP(C10,'PO MTRL'!$B$9:$S1518,8,0))) -> 9000 | K10: 2000 | L10: =SUMIF($H$8:$H$502,H10,$K$8:$K1519) -> 5000 | M10: =J10*K10 -> 18000000 | N10: =SUMIF($H$8:$H$502,H10,$M$8:$M1519) -> 43500000 | O10: =IF(H10=0,0,(VLOOKUP(H10,'PO MTRL'!$G$9:$S1518,5,0))) -> 7000 | P10: =IF(H10=0,0,(VLOOKUP(H10,'PO MTRL'!$G$9:$S1518,7,0))) -> 60500000 | Q10: =O10-L10 -> 2000 | R10: =P10-N10 -> 17000000 | S10: =IF(C10=0,0,(VLOOKUP(C10,'PO MTRL'!$B$9:$S1518,17,0))) -> LLL | W10: =B10 -> TPDP2 | X10: =F10 -> M002 | AA10: =IFERROR(__xludf.DUMMYFUNCTION("""COMPUTED_VALUE"""),2.0) -> 2 | AB10: =IFERROR(__xludf.DUMMYFUNCTION("""COMPUTED_VALUE""")," Baja Tul Ulir ") -> Baja Tul Ulir | AC10: =IFERROR(__xludf.DUMMYFUNCTION("""COMPUTED_VALUE"""),"PO2") -> PO2 | AD10: =IFERROR(__xludf.DUMMYFUNCTION("""COMPUTED_VALUE"""),2.0) -> 2 | AE10: =IFERROR(__xludf.DUMMYFUNCTION("""COMPUTED_VALUE""")," Baja Tul Ulir ") -> Baja Tul Ulir | AF10: =IFERROR(__xludf.DUMMYFUNCTION("""COMPUTED_VALUE"""),"PO2") -> PO2 | AG10: =AD10&" ---> "&AE10&" ---> "&AF10 -> 2 ---> Baja Tul Ulir ---> PO2
B11: TPDP3 | C11: 4 | D11: =IF(C11=0,0,(VLOOKUP(C11,'PO MTRL'!$B$9:$S1518,2,0))) -> PO3 | E11: =IF(C11="","",(VLOOKUP(C11,'PO MTRL'!$B$9:$S1518,3,0))) -> 7 | F11: =IF(C11=0,0,(VLOOKUP(C11,'PO MTRL'!$B$9:$S1518,4,0))) -> M007 | G11: 46160 | H11: =IF(C11=0,0,(VLOOKUP(C11,'PO MTRL'!$B$9:$S1518,6,0))) -> Multipleks 18 mm | I11: =IF(C11=0,0,(VLOOKUP(C11,'PO MTRL'!$B$9:$S1518,7,0))) -> LBR | J11: =IF(C11=0,0,(VLOOKUP(C11,'PO MTRL'!$B$9:$S1518,8,0))) -> 250000 | K11: 5 | L11: =SUMIF($H$8:$H$502,H11,$K$8:$K1520) -> 5 | M11: =J11*K11 -> 1250000 | N11: =SUMIF($H$8:$H$502,H11,$M$8:$M1520) -> 1250000 | O11: =IF(H11=0,0,(VLOOKUP(H11,'PO MTRL'!$G$9:$S1518,5,0))) -> 10 | P11: =IF(H11=0,0,(VLOOKUP(H11,'PO MTRL'!$G$9:$S1518,7,0))) -> 2500000 | Q11: =O11-L11 -> 5 | R11: =P11-N11 -> 1250000 | S11: =IF(C11=0,0,(VLOOKUP(C11,'PO MTRL'!$B$9:$S1518,17,0))) -> GGG | W11: =B11 -> TPDP3 | X11: =F11 -> M007 | AA11: =IFERROR(__xludf.DUMMYFUNCTION("""COMPUTED_VALUE"""),3.0) -> 3 | AD11: =IFERROR(__xludf.DUMMYFUNCTION("""COMPUTED_VALUE"""),4.0) -> 4 | AE11: =IFERROR(__xludf.DUMMYFUNCTION("""COMPUTED_VALUE""")," Multipleks 18 mm ") -> Multipleks 18 mm | AF11: =IFERROR(__xludf.DUMMYFUNCTION("""COMPUTED_VALUE"""),"PO3") -> PO3 | AG11: =AD11&" ---> "&AE11&" ---> "&AF11 -> 4 ---> Multipleks 18 mm ---> PO3
B12: TPDP3 | C12: 5 | D12: =IF(C12=0,0,(VLOOKUP(C12,'PO MTRL'!$B$9:$S1518,2,0))) -> PO3 | E12: =IF(C12="","",(VLOOKUP(C12,'PO MTRL'!$B$9:$S1518,3,0))) -> 8 | F12: =IF(C12=0,0,(VLOOKUP(C12,'PO MTRL'!$B$9:$S1518,4,0))) -> M008 | G12: 46160 | H12: =IF(C12=0,0,(VLOOKUP(C12,'PO MTRL'!$B$9:$S1518,6,0))) -> Paku | I12: =IF(C12=0,0,(VLOOKUP(C12,'PO MTRL'!$B$9:$S1518,7,0))) -> KG | J12: =IF(C12=0,0,(VLOOKUP(C12,'PO MTRL'!$B$9:$S1518,8,0))) -> 20000 | K12: 5 | L12: =SUMIF($H$8:$H$502,H12,$K$8:$K1521) -> 7 | M12: =J12*K12 -> 100000 | N12: =SUMIF($H$8:$H$502,H12,$M$8:$M1521) -> 142000 | O12: =IF(H12=0,0,(VLOOKUP(H12,'PO MTRL'!$G$9:$S1518,5,0))) -> 10 | P12: =IF(H12=0,0,(VLOOKUP(H12,'PO MTRL'!$G$9:$S1518,7,0))) -> 202000 | Q12: =O12-L12 -> 3 | R12: =P12-N12 -> 60000 | S12: =IF(C12=0,0,(VLOOKUP(C12,'PO MTRL'!$B$9:$S1518,17,0))) -> GGG | W12: =B12 -> TPDP3 | X12: =F12 -> M008 | AA12: =IFERROR(__xludf.DUMMYFUNCTION("""COMPUTED_VALUE"""),4.0) -> 4 | AB12: =IFERROR(__xludf.DUMMYFUNCTION("""COMPUTED_VALUE""")," Multipleks 18 mm ") -> Multipleks 18 mm | AC12: =IFERROR(__xludf.DUMMYFUNCTION("""COMPUTED_VALUE"""),"PO3") -> PO3 | AD12: =IFERROR(__xludf.DUMMYFUNCTION("""COMPUTED_VALUE"""),5.0) -> 5 | AE12: =IFERROR(__xludf.DUMMYFUNCTION("""COMPUTED_VALUE""")," Paku ") -> Paku | AF12: =IFERROR(__xludf.DUMMYFUNCTION("""COMPUTED_VALUE"""),"PO3") -> PO3 | AG12: =AD12&" ---> "&AE12&" ---> "&AF12 -> 5 ---> Paku ---> PO3
B13: TPDP4 | C13: 7 | D13: =IF(C13=0,0,(VLOOKUP(C13,'PO MTRL'!$B$9:$S1518,2,0))) -> PO4 | E13: =IF(C13="","",(VLOOKUP(C13,'PO MTRL'!$B$9:$S1518,3,0))) -> 3 | F13: =IF(C13=0,0,(VLOOKUP(C13,'PO MTRL'!$B$9:$S1518,4,0))) -> M003 | G13: 46161 | H13: =IF(C13=0,0,(VLOOKUP(C13,'PO MTRL'!$B$9:$S1518,6,0))) -> Beton Ready fc' 30 MPa | I13: =IF(C13=0,0,(VLOOKUP(C13,'PO MTRL'!$B$9:$S1518,7,0))) -> M3 | J13: =IF(C13=0,0,(VLOOKUP(C13,'PO MTRL'!$B$9:$S1518,8,0))) -> 200000 | K13: 15 | L13: =SUMIF($H$8:$H$502,H13,$K$8:$K1522) -> 15 | M13: =J13*K13 -> 3000000 | N13: =SUMIF($H$8:$H$502,H13,$M$8:$M1522) -> 3000000 | O13: =IF(H13=0,0,(VLOOKUP(H13,'PO MTRL'!$G$9:$S1518,5,0))) -> 25 | P13: =IF(H13=0,0,(VLOOKUP(H13,'PO MTRL'!$G$9:$S1518,7,0))) -> 5000000 | Q13: =O13-L13 -> 10 | R13: =P13-N13 -> 2000000 | S13: =IF(C13=0,0,(VLOOKUP(C13,'PO MTRL'!$B$9:$S1518,17,0))) -> JJJ | W13: =B13 -> TPDP4 | X13: =F13 -> M003 | AA13: =IFERROR(__xludf.DUMMYFUNCTION("""COMPUTED_VALUE"""),5.0) -> 5 | AB13: =IFERROR(__xludf.DUMMYFUNCTION("""COMPUTED_VALUE""")," Paku ") -> Paku | AC13: =IFERROR(__xludf.DUMMYFUNCTION("""COMPUTED_VALUE"""),"PO3") -> PO3 | AD13: =IFERROR(__xludf.DUMMYFUNCTION("""COMPUTED_VALUE"""),7.0) -> 7 | AE13: =IFERROR(__xludf.DUMMYFUNCTION("""COMPUTED_VALUE""")," Beton Ready fc' 30 MPa ") -> Beton Ready fc' 30 MPa | AF13: =IFERROR(__xludf.DUMMYFUNCTION("""COMPUTED_VALUE"""),"PO4") -> PO4 | AG13: =AD13&" ---> "&AE13&" ---> "&AF13 -> 7 ---> Beton Ready fc' 30 MPa ---> PO4
B14: TPDP5 | C14: 1000 | D14: =IF(C14=0,0,(VLOOKUP(C14,'PO MTRL'!$B$9:$S1518,2,0))) -> PO5 | E14: =IF(C14="","",(VLOOKUP(C14,'PO MTRL'!$B$9:$S1518,3,0))) -> 6 | F14: =IF(C14=0,0,(VLOOKUP(C14,'PO MTRL'!$B$9:$S1518,4,0))) -> M006 | G14: 46168 | H14: =IF(C14=0,0,(VLOOKUP(C14,'PO MTRL'!$B$9:$S1518,6,0))) -> Kayu 5/7 | I14: =IF(C14=0,0,(VLOOKUP(C14,'PO MTRL'!$B$9:$S1518,7,0))) -> M3 | J14: =IF(C14=0,0,(VLOOKUP(C14,'PO MTRL'!$B$9:$S1518,8,0))) -> 2200000 | K14: 1 | L14: =SUMIF($H$8:$H$502,H14,$K$8:$K1523) -> 1 | M14: =J14*K14 -> 2200000 | N14: =SUMIF($H$8:$H$502,H14,$M$8:$M1523) -> 2200000 | O14: =IF(H14=0,0,(VLOOKUP(H14,'PO MTRL'!$G$9:$S1518,5,0))) -> 1 | P14: =IF(H14=0,0,(VLOOKUP(H14,'PO MTRL'!$G$9:$S1518,7,0))) -> 2200000 | Q14: =O14-L14 -> 0 | R14: =P14-N14 -> 0 | S14: =IF(C14=0,0,(VLOOKUP(C14,'PO MTRL'!$B$9:$S1518,17,0))) -> Cash Proyek | W14: =B14 -> TPDP5 | X14: =F14 -> M006 | AA14: =IFERROR(__xludf.DUMMYFUNCTION("""COMPUTED_VALUE"""),6.0) -> 6 | AE14: =IFERROR(__xludf.DUMMYFUNCTION("""COMPUTED_VALUE""")," PIC: LOGISTIK DIVISI ") -> PIC: LOGISTIK DIVISI | AG14: =AD14&" ---> "&AE14&" ---> "&AF14 -> ---> PIC: LOGISTIK DIVISI --->
B15: TPDP6 | C15: 1001 | D15: =IF(C15=0,0,(VLOOKUP(C15,'PO MTRL'!$B$9:$S1518,2,0))) -> PO5 | E15: =IF(C15="","",(VLOOKUP(C15,'PO MTRL'!$B$9:$S1518,3,0))) -> 8 | F15: =IF(C15=0,0,(VLOOKUP(C15,'PO MTRL'!$B$9:$S1518,4,0))) -> M008 | G15: 46174 | H15: =IF(C15=0,0,(VLOOKUP(C15,'PO MTRL'!$B$9:$S1518,6,0))) -> Paku | I15: =IF(C15=0,0,(VLOOKUP(C15,'PO MTRL'!$B$9:$S1518,7,0))) -> KG | J15: =IF(C15=0,0,(VLOOKUP(C15,'PO MTRL'!$B$9:$S1518,8,0))) -> 21000 | K15: 2 | L15: =SUMIF($H$8:$H$502,H15,$K$8:$K1524) -> 7 | M15: =J15*K15 -> 42000 | N15: =SUMIF($H$8:$H$502,H15,$M$8:$M1524) -> 142000 | O15: =IF(H15=0,0,(VLOOKUP(H15,'PO MTRL'!$G$9:$S1518,5,0))) -> 10 | P15: =IF(H15=0,0,(VLOOKUP(H15,'PO MTRL'!$G$9:$S1518,7,0))) -> 202000 | Q15: =O15-L15 -> 3 | R15: =P15-N15 -> 60000 | S15: =IF(C15=0,0,(VLOOKUP(C15,'PO MTRL'!$B$9:$S1518,17,0))) -> Cash Proyek | W15: =B15 -> TPDP6 | X15: =F15 -> M008 | AA15: =IFERROR(__xludf.DUMMYFUNCTION("""COMPUTED_VALUE"""),7.0) -> 7 | AB15: =IFERROR(__xludf.DUMMYFUNCTION("""COMPUTED_VALUE""")," Beton Ready fc' 30 MPa ") -> Beton Ready fc' 30 MPa | AC15: =IFERROR(__xludf.DUMMYFUNCTION("""COMPUTED_VALUE"""),"PO4") -> PO4 | AD15: =IFERROR(__xludf.DUMMYFUNCTION("""COMPUTED_VALUE"""),"NOMOR") -> NOMOR | AE15: =IFERROR(__xludf.DUMMYFUNCTION("""COMPUTED_VALUE""")," JENIS MATERIAL ") -> JENIS MATERIAL | AF15: =IFERROR(__xludf.DUMMYFUNCTION("""COMPUTED_VALUE""")," NOMOR ") -> NOMOR | AG15: =AD15&" ---> "&AE15&" ---> "&AF15 -> NOMOR ---> JENIS MATERIAL ---> NOMOR
B16: TPDP7 | C16: 1002 | D16: =IF(C16=0,0,(VLOOKUP(C16,'PO MTRL'!$B$9:$S1518,2,0))) -> PO6 | E16: =IF(C16="","",(VLOOKUP(C16,'PO MTRL'!$B$9:$S1518,3,0))) -> 9 | F16: =IF(C16=0,0,(VLOOKUP(C16,'PO MTRL'!$B$9:$S1518,4,0))) -> M010 | G16: 46163 | H16: =IF(C16=0,0,(VLOOKUP(C16,'PO MTRL'!$B$9:$S1518,6,0))) -> Concrete Mixer Beton | I16: =IF(C16=0,0,(VLOOKUP(C16,'PO MTRL'!$B$9:$S1518,7,0))) -> UNIT | J16: =IF(C16=0,0,(VLOOKUP(C16,'PO MTRL'!$B$9:$S1518,8,0))) -> 25000000 | K16: 1 | L16: =SUMIF($H$8:$H$502,H16,$K$8:$K1525) -> 1 | M16: =J16*K16 -> 25000000 | N16: =SUMIF($H$8:$H$502,H16,$M$8:$M1525) -> 25000000 | O16: =IF(H16=0,0,(VLOOKUP(H16,'PO MTRL'!$G$9:$S1518,5,0))) -> 1 | P16: =IF(H16=0,0,(VLOOKUP(H16,'PO MTRL'!$G$9:$S1518,7,0))) -> 25000000 | Q16: =O16-L16 -> 0 | R16: =P16-N16 -> 0 | S16: =IF(C16=0,0,(VLOOKUP(C16,'PO MTRL'!$B$9:$S1518,17,0))) -> Cash Proyek | T16: ASET | W16: =B16 -> TPDP7 | X16: =F16 -> M010 | AA16: =IFERROR(__xludf.DUMMYFUNCTION("""COMPUTED_VALUE"""),8.0) -> 8 | AD16: =IFERROR(__xludf.DUMMYFUNCTION("""COMPUTED_VALUE"""),"A") -> A | AE16: =IFERROR(__xludf.DUMMYFUNCTION("""COMPUTED_VALUE""")," E ") -> E | AF16: =IFERROR(__xludf.DUMMYFUNCTION("""COMPUTED_VALUE""")," B ") -> B | AG16: =AD16&" ---> "&AE16&" ---> "&AF16 -> A ---> E ---> B
B17: TPDP7 | C17: 1003 | D17: =IF(C17=0,0,(VLOOKUP(C17,'PO MTRL'!$B$9:$S1518,2,0))) -> PO6 | E17: =IF(C17="","",(VLOOKUP(C17,'PO MTRL'!$B$9:$S1518,3,0))) -> 10 | F17: =IF(C17=0,0,(VLOOKUP(C17,'PO MTRL'!$B$9:$S1518,4,0))) -> M011 | G17: 46163 | H17: =IF(C17=0,0,(VLOOKUP(C17,'PO MTRL'!$B$9:$S1518,6,0))) -> Mesin gerinda tangan | I17: =IF(C17=0,0,(VLOOKUP(C17,'PO MTRL'!$B$9:$S1518,7,0))) -> UNIT | J17: =IF(C17=0,0,(VLOOKUP(C17,'PO MTRL'!$B$9:$S1518,8,0))) -> 500000 | K17: 2 | L17: =SUMIF($H$8:$H$502,H17,$K$8:$K1526) -> 2 | M17: =J17*K17 -> 1000000 | N17: =SUMIF($H$8:$H$502,H17,$M$8:$M1526) -> 1000000 | O17: =IF(H17=0,0,(VLOOKUP(H17,'PO MTRL'!$G$9:$S1518,5,0))) -> 2 | P17: =IF(H17=0,0,(VLOOKUP(H17,'PO MTRL'!$G$9:$S1518,7,0))) -> 1000000 | Q17: =O17-L17 -> 0 | R17: =P17-N17 -> 0 | S17: =IF(C17=0,0,(VLOOKUP(C17,'PO MTRL'!$B$9:$S1518,17,0))) -> Cash Proyek | T17: ASET | U17: =IF(C17=0,0,(VLOOKUP(C17,'PO MTRL'!$B$9:$S1518,18,0))) | W17: =B17 -> TPDP7 | X17: =F17 -> M011 | AA17: =IFERROR(__xludf.DUMMYFUNCTION("""COMPUTED_VALUE"""),9.0) -> 9 | AD17: =IFERROR(__xludf.DUMMYFUNCTION("""COMPUTED_VALUE"""),1000.0) -> 1000 | AE17: =IFERROR(__xludf.DUMMYFUNCTION("""COMPUTED_VALUE""")," Kayu 5/7 ") -> Kayu 5/7 | AF17: =IFERROR(__xludf.DUMMYFUNCTION("""COMPUTED_VALUE""")," PO5 ") -> PO5 | AG17: =AD17&" ---> "&AE17&" ---> "&AF17 -> 1000 ---> Kayu 5/7 ---> PO5
B18: TPDP7 | C18: 1004 | D18: =IF(C18=0,0,(VLOOKUP(C18,'PO MTRL'!$B$9:$S1518,2,0))) -> PO6 | E18: =IF(C18="","",(VLOOKUP(C18,'PO MTRL'!$B$9:$S1518,3,0))) -> 11 | F18: =IF(C18=0,0,(VLOOKUP(C18,'PO MTRL'!$B$9:$S1518,4,0))) -> M012 | G18: 46163 | H18: =IF(C18=0,0,(VLOOKUP(C18,'PO MTRL'!$B$9:$S1518,6,0))) -> Rubber Cone | I18: =IF(C18=0,0,(VLOOKUP(C18,'PO MTRL'!$B$9:$S1518,7,0))) -> BUAH | J18: =IF(C18=0,0,(VLOOKUP(C18,'PO MTRL'!$B$9:$S1518,8,0))) -> 100000 | K18: 20 | L18: =SUMIF($H$8:$H$502,H18,$K$8:$K1527) -> 20 | M18: =J18*K18 -> 2000000 | N18: =SUMIF($H$8:$H$502,H18,$M$8:$M1527) -> 2000000 | O18: =IF(H18=0,0,(VLOOKUP(H18,'PO MTRL'!$G$9:$S1518,5,0))) -> 20 | P18: =IF(H18=0,0,(VLOOKUP(H18,'PO MTRL'!$G$9:$S1518,7,0))) -> 2000000 | Q18: =O18-L18 -> 0 | R18: =P18-N18 -> 0 | S18: =IF(C18=0,0,(VLOOKUP(C18,'PO MTRL'!$B$9:$S1518,17,0))) -> Cash Proyek | T18: ASET | U18: =IF(C18=0,0,(VLOOKUP(C18,'PO MTRL'!$B$9:$S1518,18,0))) | W18: =B18 -> TPDP7 | X18: =F18 -> M012 | AA18: =IFERROR(__xludf.DUMMYFUNCTION("""COMPUTED_VALUE"""),10.0) -> 10 | AD18: =IFERROR(__xludf.DUMMYFUNCTION("""COMPUTED_VALUE"""),1001.0) -> 1001 | AE18: =IFERROR(__xludf.DUMMYFUNCTION("""COMPUTED_VALUE""")," Paku ") -> Paku | AF18: =IFERROR(__xludf.DUMMYFUNCTION("""COMPUTED_VALUE""")," PO5 ") -> PO5 | AG18: =AD18&" ---> "&AE18&" ---> "&AF18 -> 1001 ---> Paku ---> PO5
D19: =IF(C19=0,0,(VLOOKUP(C19,'PO MTRL'!$B$9:$S1518,2,0))) -> 0 | E19: =IF(C19="","",(VLOOKUP(C19,'PO MTRL'!$B$9:$S1518,3,0))) | F19: =IF(C19=0,0,(VLOOKUP(C19,'PO MTRL'!$B$9:$S1518,4,0))) -> 0 | H19: =IF(C19=0,0,(VLOOKUP(C19,'PO MTRL'!$B$9:$S1518,6,0))) -> 0 | I19: =IF(C19=0,0,(VLOOKUP(C19,'PO MTRL'!$B$9:$S1518,7,0))) -> 0 | J19: =IF(C19=0,0,(VLOOKUP(C19,'PO MTRL'!$B$9:$S1518,8,0))) -> 0 | L19: =SUMIF($H$8:$H$502,H19,$K$8:$K1528) -> 0 | M19: =J19*K19 -> 0 | N19: =SUMIF($H$8:$H$502,H19,$M$8:$M1528) -> 0 | O19: =IF(H19=0,0,(VLOOKUP(H19,'PO MTRL'!$G$9:$S1518,5,0))) -> 0 | P19: =IF(H19=0,0,(VLOOKUP(H19,'PO MTRL'!$G$9:$S1518,7,0))) -> 0 | Q19: =O19-L19 -> 0 | R19: =P19-N19 -> 0 | S19: =IF(C19=0,0,(VLOOKUP(C19,'PO MTRL'!$B$9:$S1518,17,0))) -> 0 | U19: =IF(C19=0,0,(VLOOKUP(C19,'PO MTRL'!$B$9:$S1518,18,0))) -> 0 | W19: =B19 | X19: =F19 -> 0 | AA19: =IFERROR(__xludf.DUMMYFUNCTION("""COMPUTED_VALUE"""),11.0) -> 11 | AD19: =IFERROR(__xludf.DUMMYFUNCTION("""COMPUTED_VALUE"""),1002.0) -> 1002 | AE19: =IFERROR(__xludf.DUMMYFUNCTION("""COMPUTED_VALUE""")," Concrete Mixer Beton ") -> Concrete Mixer Beton | AF19: =IFERROR(__xludf.DUMMYFUNCTION("""COMPUTED_VALUE""")," PO6 ") -> PO6 | AG19: =AD19&" ---> "&AE19&" ---> "&AF19 -> 1002 ---> Concrete Mixer Beton ---> PO6
D20: =IF(C20=0,0,(VLOOKUP(C20,'PO MTRL'!$B$9:$S1518,2,0))) -> 0 | E20: =IF(C20="","",(VLOOKUP(C20,'PO MTRL'!$B$9:$S1518,3,0))) | F20: =IF(C20=0,0,(VLOOKUP(C20,'PO MTRL'!$B$9:$S1518,4,0))) -> 0 | H20: =IF(C20=0,0,(VLOOKUP(C20,'PO MTRL'!$B$9:$S1518,6,0))) -> 0 | I20: =IF(C20=0,0,(VLOOKUP(C20,'PO MTRL'!$B$9:$S1518,7,0))) -> 0 | J20: =IF(C20=0,0,(VLOOKUP(C20,'PO MTRL'!$B$9:$S1518,8,0))) -> 0 | L20: =SUMIF($H$8:$H$502,H20,$K$8:$K1529) -> 0 | M20: =J20*K20 -> 0 | N20: =SUMIF($H$8:$H$502,H20,$M$8:$M1529) -> 0 | O20: =IF(H20=0,0,(VLOOKUP(H20,'PO MTRL'!$G$9:$S1518,5,0))) -> 0 | P20: =IF(H20=0,0,(VLOOKUP(H20,'PO MTRL'!$G$9:$S1518,7,0))) -> 0 | Q20: =O20-L20 -> 0 | R20: =P20-N20 -> 0 | S20: =IF(C20=0,0,(VLOOKUP(C20,'PO MTRL'!$B$9:$S1518,17,0))) -> 0 | U20: =IF(C20=0,0,(VLOOKUP(C20,'PO MTRL'!$B$9:$S1518,18,0))) -> 0 | W20: =B20 | X20: =F20 -> 0 | AA20: =IFERROR(__xludf.DUMMYFUNCTION("""COMPUTED_VALUE"""),12.0) -> 12 | AD20: =IFERROR(__xludf.DUMMYFUNCTION("""COMPUTED_VALUE"""),1003.0) -> 1003 | AE20: =IFERROR(__xludf.DUMMYFUNCTION("""COMPUTED_VALUE""")," Mesin gerinda tangan ") -> Mesin gerinda tangan | AF20: =IFERROR(__xludf.DUMMYFUNCTION("""COMPUTED_VALUE""")," PO6 ") -> PO6 | AG20: =AD20&" ---> "&AE20&" ---> "&AF20 -> 1003 ---> Mesin gerinda tangan ---> PO6
D21: =IF(C21=0,0,(VLOOKUP(C21,'PO MTRL'!$B$9:$S1518,2,0))) -> 0 | E21: =IF(C21="","",(VLOOKUP(C21,'PO MTRL'!$B$9:$S1518,3,0))) | F21: =IF(C21=0,0,(VLOOKUP(C21,'PO MTRL'!$B$9:$S1518,4,0))) -> 0 | H21: =IF(C21=0,0,(VLOOKUP(C21,'PO MTRL'!$B$9:$S1518,6,0))) -> 0 | I21: =IF(C21=0,0,(VLOOKUP(C21,'PO MTRL'!$B$9:$S1518,7,0))) -> 0 | J21: =IF(C21=0,0,(VLOOKUP(C21,'PO MTRL'!$B$9:$S1518,8,0))) -> 0 | L21: =SUMIF($H$8:$H$502,H21,$K$8:$K1530) -> 0 | M21: =J21*K21 -> 0 | N21: =SUMIF($H$8:$H$502,H21,$M$8:$M1530) -> 0 | O21: =IF(H21=0,0,(VLOOKUP(H21,'PO MTRL'!$G$9:$S1518,5,0))) -> 0 | P21: =IF(H21=0,0,(VLOOKUP(H21,'PO MTRL'!$G$9:$S1518,7,0))) -> 0 | Q21: =O21-L21 -> 0 | R21: =P21-N21 -> 0 | S21: =IF(C21=0,0,(VLOOKUP(C21,'PO MTRL'!$B$9:$S1518,17,0))) -> 0 | U21: =IF(C21=0,0,(VLOOKUP(C21,'PO MTRL'!$B$9:$S1518,18,0))) -> 0 | W21: =B21 | X21: =F21 -> 0 | AA21: =IFERROR(__xludf.DUMMYFUNCTION("""COMPUTED_VALUE"""),13.0) -> 13 | AD21: =IFERROR(__xludf.DUMMYFUNCTION("""COMPUTED_VALUE"""),1004.0) -> 1004 | AE21: =IFERROR(__xludf.DUMMYFUNCTION("""COMPUTED_VALUE""")," Rubber Cone ") -> Rubber Cone | AF21: =IFERROR(__xludf.DUMMYFUNCTION("""COMPUTED_VALUE""")," PO6 ") -> PO6 | AG21: =AD21&" ---> "&AE21&" ---> "&AF21 -> 1004 ---> Rubber Cone ---> PO6
D22: =IF(C22=0,0,(VLOOKUP(C22,'PO MTRL'!$B$9:$S1518,2,0))) -> 0 | E22: =IF(C22="","",(VLOOKUP(C22,'PO MTRL'!$B$9:$S1518,3,0))) | F22: =IF(C22=0,0,(VLOOKUP(C22,'PO MTRL'!$B$9:$S1518,4,0))) -> 0 | H22: =IF(C22=0,0,(VLOOKUP(C22,'PO MTRL'!$B$9:$S1518,6,0))) -> 0 | I22: =IF(C22=0,0,(VLOOKUP(C22,'PO MTRL'!$B$9:$S1518,7,0))) -> 0 | J22: =IF(C22=0,0,(VLOOKUP(C22,'PO MTRL'!$B$9:$S1518,8,0))) -> 0 | L22: =SUMIF($H$8:$H$502,H22,$K$8:$K1531) -> 0 | M22: =J22*K22 -> 0 | N22: =SUMIF($H$8:$H$502,H22,$M$8:$M1531) -> 0 | O22: =IF(H22=0,0,(VLOOKUP(H22,'PO MTRL'!$G$9:$S1518,5,0))) -> 0 | P22: =IF(H22=0,0,(VLOOKUP(H22,'PO MTRL'!$G$9:$S1518,7,0))) -> 0 | Q22: =O22-L22 -> 0 | R22: =P22-N22 -> 0 | S22: =IF(C22=0,0,(VLOOKUP(C22,'PO MTRL'!$B$9:$S1518,17,0))) -> 0 | U22: =IF(C22=0,0,(VLOOKUP(C22,'PO MTRL'!$B$9:$S1518,18,0))) -> 0 | W22: =B22 | X22: =F22 -> 0 | AA22: =IFERROR(__xludf.DUMMYFUNCTION("""COMPUTED_VALUE"""),14.0) -> 14 | AG22: =AD22&" ---> "&AE22&" ---> "&AF22 -> ---> --->
D23: =IF(C23=0,0,(VLOOKUP(C23,'PO MTRL'!$B$9:$S1518,2,0))) -> 0 | E23: =IF(C23="","",(VLOOKUP(C23,'PO MTRL'!$B$9:$S1518,3,0))) | F23: =IF(C23=0,0,(VLOOKUP(C23,'PO MTRL'!$B$9:$S1518,4,0))) -> 0 | H23: =IF(C23=0,0,(VLOOKUP(C23,'PO MTRL'!$B$9:$S1518,6,0))) -> 0 | I23: =IF(C23=0,0,(VLOOKUP(C23,'PO MTRL'!$B$9:$S1518,7,0))) -> 0 | J23: =IF(C23=0,0,(VLOOKUP(C23,'PO MTRL'!$B$9:$S1518,8,0))) -> 0 | L23: =SUMIF($H$8:$H$502,H23,$K$8:$K1532) -> 0 | M23: =J23*K23 -> 0 | N23: =SUMIF($H$8:$H$502,H23,$M$8:$M1532) -> 0 | O23: =IF(H23=0,0,(VLOOKUP(H23,'PO MTRL'!$G$9:$S1518,5,0))) -> 0 | P23: =IF(H23=0,0,(VLOOKUP(H23,'PO MTRL'!$G$9:$S1518,7,0))) -> 0 | Q23: =O23-L23 -> 0 | R23: =P23-N23 -> 0 | S23: =IF(C23=0,0,(VLOOKUP(C23,'PO MTRL'!$B$9:$S1518,17,0))) -> 0 | U23: =IF(C23=0,0,(VLOOKUP(C23,'PO MTRL'!$B$9:$S1518,18,0))) -> 0 | W23: =B23 | X23: =F23 -> 0 | AA23: =IFERROR(__xludf.DUMMYFUNCTION("""COMPUTED_VALUE"""),15.0) -> 15 | AG23: =AD23&" ---> "&AE23&" ---> "&AF23 -> ---> --->
D24: =IF(C24=0,0,(VLOOKUP(C24,'PO MTRL'!$B$9:$S1518,2,0))) -> 0 | E24: =IF(C24="","",(VLOOKUP(C24,'PO MTRL'!$B$9:$S1518,3,0))) | F24: =IF(C24=0,0,(VLOOKUP(C24,'PO MTRL'!$B$9:$S1518,4,0))) -> 0 | H24: =IF(C24=0,0,(VLOOKUP(C24,'PO MTRL'!$B$9:$S1518,6,0))) -> 0 | I24: =IF(C24=0,0,(VLOOKUP(C24,'PO MTRL'!$B$9:$S1518,7,0))) -> 0 | J24: =IF(C24=0,0,(VLOOKUP(C24,'PO MTRL'!$B$9:$S1518,8,0))) -> 0 | L24: =SUMIF($H$8:$H$502,H24,$K$8:$K1533) -> 0 | M24: =J24*K24 -> 0 | N24: =SUMIF($H$8:$H$502,H24,$M$8:$M1533) -> 0 | O24: =IF(H24=0,0,(VLOOKUP(H24,'PO MTRL'!$G$9:$S1518,5,0))) -> 0 | P24: =IF(H24=0,0,(VLOOKUP(H24,'PO MTRL'!$G$9:$S1518,7,0))) -> 0 | Q24: =O24-L24 -> 0 | R24: =P24-N24 -> 0 | S24: =IF(C24=0,0,(VLOOKUP(C24,'PO MTRL'!$B$9:$S1518,17,0))) -> 0 | U24: =IF(C24=0,0,(VLOOKUP(C24,'PO MTRL'!$B$9:$S1518,18,0))) -> 0 | W24: =B24 | X24: =F24 -> 0 | AA24: =IFERROR(__xludf.DUMMYFUNCTION("""COMPUTED_VALUE"""),16.0) -> 16 | AG24: =AD24&" ---> "&AE24&" ---> "&AF24 -> ---> --->
D25: =IF(C25=0,0,(VLOOKUP(C25,'PO MTRL'!$B$9:$S1518,2,0))) -> 0 | E25: =IF(C25="","",(VLOOKUP(C25,'PO MTRL'!$B$9:$S1518,3,0))) | F25: =IF(C25=0,0,(VLOOKUP(C25,'PO MTRL'!$B$9:$S1518,4,0))) -> 0 | H25: =IF(C25=0,0,(VLOOKUP(C25,'PO MTRL'!$B$9:$S1518,6,0))) -> 0 | I25: =IF(C25=0,0,(VLOOKUP(C25,'PO MTRL'!$B$9:$S1518,7,0))) -> 0 | J25: =IF(C25=0,0,(VLOOKUP(C25,'PO MTRL'!$B$9:$S1518,8,0))) -> 0 | L25: =SUMIF($H$8:$H$502,H25,$K$8:$K1534) -> 0 | M25: =J25*K25 -> 0 | N25: =SUMIF($H$8:$H$502,H25,$M$8:$M1534) -> 0 | O25: =IF(H25=0,0,(VLOOKUP(H25,'PO MTRL'!$G$9:$S1518,5,0))) -> 0 | P25: =IF(H25=0,0,(VLOOKUP(H25,'PO MTRL'!$G$9:$S1518,7,0))) -> 0 | Q25: =O25-L25 -> 0 | R25: =P25-N25 -> 0 | S25: =IF(C25=0,0,(VLOOKUP(C25,'PO MTRL'!$B$9:$S1518,17,0))) -> 0 | U25: =IF(C25=0,0,(VLOOKUP(C25,'PO MTRL'!$B$9:$S1518,18,0))) -> 0 | W25: =B25 | X25: =F25 -> 0 | AA25: =IFERROR(__xludf.DUMMYFUNCTION("""COMPUTED_VALUE"""),17.0) -> 17 | AG25: =AD25&" ---> "&AE25&" ---> "&AF25 -> ---> --->
D26: =IF(C26=0,0,(VLOOKUP(C26,'PO MTRL'!$B$9:$S1518,2,0))) -> 0 | E26: =IF(C26="","",(VLOOKUP(C26,'PO MTRL'!$B$9:$S1518,3,0))) | F26: =IF(C26=0,0,(VLOOKUP(C26,'PO MTRL'!$B$9:$S1518,4,0))) -> 0 | H26: =IF(C26=0,0,(VLOOKUP(C26,'PO MTRL'!$B$9:$S1518,6,0))) -> 0 | I26: =IF(C26=0,0,(VLOOKUP(C26,'PO MTRL'!$B$9:$S1518,7,0))) -> 0 | J26: =IF(C26=0,0,(VLOOKUP(C26,'PO MTRL'!$B$9:$S1518,8,0))) -> 0 | L26: =SUMIF($H$8:$H$502,H26,$K$8:$K1535) -> 0 | M26: =J26*K26 -> 0 | N26: =SUMIF($H$8:$H$502,H26,$M$8:$M1535) -> 0 | O26: =IF(H26=0,0,(VLOOKUP(H26,'PO MTRL'!$G$9:$S1518,5,0))) -> 0 | P26: =IF(H26=0,0,(VLOOKUP(H26,'PO MTRL'!$G$9:$S1518,7,0))) -> 0 | Q26: =O26-L26 -> 0 | R26: =P26-N26 -> 0 | S26: =IF(C26=0,0,(VLOOKUP(C26,'PO MTRL'!$B$9:$S1518,17,0))) -> 0 | U26: =IF(C26=0,0,(VLOOKUP(C26,'PO MTRL'!$B$9:$S1518,18,0))) -> 0 | W26: =B26 | X26: =F26 -> 0 | AA26: =IFERROR(__xludf.DUMMYFUNCTION("""COMPUTED_VALUE"""),18.0) -> 18 | AG26: =AD26&" ---> "&AE26&" ---> "&AF26 -> ---> --->
D27: =IF(C27=0,0,(VLOOKUP(C27,'PO MTRL'!$B$9:$S1518,2,0))) -> 0 | E27: =IF(C27="","",(VLOOKUP(C27,'PO MTRL'!$B$9:$S1518,3,0))) | F27: =IF(C27=0,0,(VLOOKUP(C27,'PO MTRL'!$B$9:$S1518,4,0))) -> 0 | H27: =IF(C27=0,0,(VLOOKUP(C27,'PO MTRL'!$B$9:$S1518,6,0))) -> 0 | I27: =IF(C27=0,0,(VLOOKUP(C27,'PO MTRL'!$B$9:$S1518,7,0))) -> 0 | J27: =IF(C27=0,0,(VLOOKUP(C27,'PO MTRL'!$B$9:$S1518,8,0))) -> 0 | L27: =SUMIF($H$8:$H$502,H27,$K$8:$K1536) -> 0 | M27: =J27*K27 -> 0 | N27: =SUMIF($H$8:$H$502,H27,$M$8:$M1536) -> 0 | O27: =IF(H27=0,0,(VLOOKUP(H27,'PO MTRL'!$G$9:$S1518,5,0))) -> 0 | P27: =IF(H27=0,0,(VLOOKUP(H27,'PO MTRL'!$G$9:$S1518,7,0))) -> 0 | Q27: =O27-L27 -> 0 | R27: =P27-N27 -> 0 | S27: =IF(C27=0,0,(VLOOKUP(C27,'PO MTRL'!$B$9:$S1518,17,0))) -> 0 | U27: =IF(C27=0,0,(VLOOKUP(C27,'PO MTRL'!$B$9:$S1518,18,0))) -> 0 | W27: =B27 | X27: =F27 -> 0 | AA27: =IFERROR(__xludf.DUMMYFUNCTION("""COMPUTED_VALUE"""),19.0) -> 19 | AG27: =AD27&" ---> "&AE27&" ---> "&AF27 -> ---> --->
D28: =IF(C28=0,0,(VLOOKUP(C28,'PO MTRL'!$B$9:$S1518,2,0))) -> 0 | E28: =IF(C28="","",(VLOOKUP(C28,'PO MTRL'!$B$9:$S1518,3,0))) | F28: =IF(C28=0,0,(VLOOKUP(C28,'PO MTRL'!$B$9:$S1518,4,0))) -> 0 | H28: =IF(C28=0,0,(VLOOKUP(C28,'PO MTRL'!$B$9:$S1518,6,0))) -> 0 | I28: =IF(C28=0,0,(VLOOKUP(C28,'PO MTRL'!$B$9:$S1518,7,0))) -> 0 | J28: =IF(C28=0,0,(VLOOKUP(C28,'PO MTRL'!$B$9:$S1518,8,0))) -> 0 | L28: =SUMIF($H$8:$H$502,H28,$K$8:$K1537) -> 0 | M28: =J28*K28 -> 0 | N28: =SUMIF($H$8:$H$502,H28,$M$8:$M1537) -> 0 | O28: =IF(H28=0,0,(VLOOKUP(H28,'PO MTRL'!$G$9:$S1518,5,0))) -> 0 | P28: =IF(H28=0,0,(VLOOKUP(H28,'PO MTRL'!$G$9:$S1518,7,0))) -> 0 | Q28: =O28-L28 -> 0 | R28: =P28-N28 -> 0 | S28: =IF(C28=0,0,(VLOOKUP(C28,'PO MTRL'!$B$9:$S1518,17,0))) -> 0 | U28: =IF(C28=0,0,(VLOOKUP(C28,'PO MTRL'!$B$9:$S1518,18,0))) -> 0 | W28: =B28 | X28: =F28 -> 0 | AA28: =IFERROR(__xludf.DUMMYFUNCTION("""COMPUTED_VALUE"""),20.0) -> 20 | AG28: =AD28&" ---> "&AE28&" ---> "&AF28 -> ---> --->
D29: =IF(C29=0,0,(VLOOKUP(C29,'PO MTRL'!$B$9:$S1518,2,0))) -> 0 | E29: =IF(C29="","",(VLOOKUP(C29,'PO MTRL'!$B$9:$S1518,3,0))) | F29: =IF(C29=0,0,(VLOOKUP(C29,'PO MTRL'!$B$9:$S1518,4,0))) -> 0 | H29: =IF(C29=0,0,(VLOOKUP(C29,'PO MTRL'!$B$9:$S1518,6,0))) -> 0 | I29: =IF(C29=0,0,(VLOOKUP(C29,'PO MTRL'!$B$9:$S1518,7,0))) -> 0 | J29: =IF(C29=0,0,(VLOOKUP(C29,'PO MTRL'!$B$9:$S1518,8,0))) -> 0 | L29: =SUMIF($H$8:$H$502,H29,$K$8:$K1538) -> 0 | M29: =J29*K29 -> 0 | N29: =SUMIF($H$8:$H$502,H29,$M$8:$M1538) -> 0 | O29: =IF(H29=0,0,(VLOOKUP(H29,'PO MTRL'!$G$9:$S1518,5,0))) -> 0 | P29: =IF(H29=0,0,(VLOOKUP(H29,'PO MTRL'!$G$9:$S1518,7,0))) -> 0 | Q29: =O29-L29 -> 0 | R29: =P29-N29 -> 0 | S29: =IF(C29=0,0,(VLOOKUP(C29,'PO MTRL'!$B$9:$S1518,17,0))) -> 0 | U29: =IF(C29=0,0,(VLOOKUP(C29,'PO MTRL'!$B$9:$S1518,18,0))) -> 0 | W29: =B29 | X29: =F29 -> 0 | AA29: =IFERROR(__xludf.DUMMYFUNCTION("""COMPUTED_VALUE"""),21.0) -> 21 | AG29: =AD29&" ---> "&AE29&" ---> "&AF29 -> ---> --->
D30: =IF(C30=0,0,(VLOOKUP(C30,'PO MTRL'!$B$9:$S1518,2,0))) -> 0 | E30: =IF(C30="","",(VLOOKUP(C30,'PO MTRL'!$B$9:$S1518,3,0))) | F30: =IF(C30=0,0,(VLOOKUP(C30,'PO MTRL'!$B$9:$S1518,4,0))) -> 0 | H30: =IF(C30=0,0,(VLOOKUP(C30,'PO MTRL'!$B$9:$S1518,6,0))) -> 0 | I30: =IF(C30=0,0,(VLOOKUP(C30,'PO MTRL'!$B$9:$S1518,7,0))) -> 0 | J30: =IF(C30=0,0,(VLOOKUP(C30,'PO MTRL'!$B$9:$S1518,8,0))) -> 0 | L30: =SUMIF($H$8:$H$502,H30,$K$8:$K1539) -> 0 | M30: =J30*K30 -> 0 | N30: =SUMIF($H$8:$H$502,H30,$M$8:$M1539) -> 0 | O30: =IF(H30=0,0,(VLOOKUP(H30,'PO MTRL'!$G$9:$S1518,5,0))) -> 0 | P30: =IF(H30=0,0,(VLOOKUP(H30,'PO MTRL'!$G$9:$S1518,7,0))) -> 0 | Q30: =O30-L30 -> 0 | R30: =P30-N30 -> 0 | S30: =IF(C30=0,0,(VLOOKUP(C30,'PO MTRL'!$B$9:$S1518,17,0))) -> 0 | U30: =IF(C30=0,0,(VLOOKUP(C30,'PO MTRL'!$B$9:$S1518,18,0))) -> 0 | W30: =B30 | X30: =F30 -> 0 | AA30: =IFERROR(__xludf.DUMMYFUNCTION("""COMPUTED_VALUE"""),22.0) -> 22 | AG30: =AD30&" ---> "&AE30&" ---> "&AF30 -> ---> --->
